{"Drug": [[160.41666666666666, 552.7499728732639, 252.55593193901908, 598.3249240451389]], "enough": [[264.6291732788086, 552.7499728732639, 402.95965406629773, 598.3249240451389]], "surface": [[414.6667056613498, 552.7499728732639, 549.5805952284071, 598.3249240451389]], "free": [[562.6792483859592, 552.7499728732639, 637.1431562635634, 598.3249240451389]], "staff": [[650.2418094211155, 552.7499728732639, 732.2003682454426, 598.3249240451389]], "indicate": [[744.0667894151476, 552.7499728732639, 889.2931620279948, 598.3249240451389]], "long.": [[902.3918151855469, 552.7499728732639, 995.1956007215712, 598.3249240451389]], "Should": [[1008.6667378743489, 552.7499728732639, 1136.2060546875, 598.3249240451389]], "push": [[1148.279317220052, 552.7499728732639, 1236.5848117404514, 598.3249240451389]], "television": [[1248.3293321397568, 552.7499728732639, 1428.284708658854, 598.3249240451389]], "court.": [[160.41666666666666, 604.193115234375, 269.9080573187934, 649.76806640625]], "Ahead": [[283.37921566433374, 604.193115234375, 400.5309634738498, 649.76806640625]], "Mrs": [[412.6042260064019, 604.193115234375, 480.06659613715277, 649.76806640625]], "age": [[491.8042500813802, 604.193115234375, 560.005611843533, 649.76806640625]], "sign.": [[573.1042650010851, 604.193115234375, 661.7456648084852, 649.76806640625]], "Wrong": [[675.1792907714844, 604.193115234375, 796.4934455023871, 649.76806640625]], "up": [[808.5667080349392, 604.193115234375, 854.8434787326389, 649.76806640625]], "skin": [[866.9167412651909, 604.193115234375, 942.7346971299913, 649.76806640625]], "beyond": [[954.4417487250433, 604.193115234375, 1092.4059549967446, 649.76806640625]], "red.": [[1104.4792175292969, 604.193115234375, 1180.6331210666233, 649.76806640625]], "Interview": [[1194.104258219401, 604.193115234375, 1374.8302883572048, 649.76806640625]], "writer": [[160.41666666666666, 655.6362575954861, 272.23256429036456, 701.2112087673611]], "any": [[285.4416529337565, 655.6362575954861, 353.4965515136719, 701.2112087673611]], "and.": [[366.74168904622394, 655.6362575954861, 449.15805392795136, 701.2112087673611]], "For": [[462.5916798909505, 655.6362575954861, 522.3576015896267, 701.2112087673611]], "traditional": [[535.5666690402561, 655.6362575954861, 727.1322462293837, 701.2112087673611]], "air": [[739.7542317708333, 655.6362575954861, 789.0951368543837, 701.2112087673611]], "less.": [[802.2666931152344, 655.6362575954861, 886.7455376519097, 701.2112087673611]], "Vehicle": [[160.41666666666666, 744.5685492621527, 291.093020968967, 790.1435004340277]], "Model": [[304.1916529337565, 744.5685492621527, 414.4947052001953, 790.1435004340277]], "->": [[427.11669074164496, 744.5685492621527, 474.4926452636719, 790.1435004340277], [464.65415954589844, 833.5116916232639, 511.9926452636719, 879.0866427951389], [350.0166998969184, 922.454833984375, 397.3926544189453, 968.02978515625], [493.79166497124567, 1011.3979763454861, 541.1676194932726, 1056.972927517361], [420.92916700575086, 1151.773410373264, 468.2676527235243, 1197.348361545139], [550.1167721218533, 1240.716552734375, 597.4927266438801, 1286.29150390625], [558.4042867024739, 1381.0919867621528, 605.7427724202473, 1426.6669379340278], [443.84176466200086, 1470.035129123264, 491.1802503797743, 1515.610080295139], [466.7917039659288, 1558.978271484375, 514.1301896837023, 1604.55322265625], [391.75419277615015, 1647.921413845486, 439.13014729817706, 1693.496365017361], [1276.9562615288628, 744.5685492621527, 1324.294704861111, 790.1435004340277], [1174.8060438368054, 884.954833984375, 1222.1444871690537, 930.52978515625], [1226.8186781141492, 973.8979763454861, 1274.1946750217014, 1019.4729275173611], [1151.8561469184028, 1062.8302680121528, 1199.194590250651, 1108.4052191840278], [1187.2187296549478, 1151.773410373264, 1234.5947265625, 1197.348361545139], [1037.218729654948, 1240.716552734375, 1084.557172987196, 1286.29150390625], [1133.0685933430989, 1329.659695095486, 1180.4070366753472, 1375.234646267361], [1110.1186116536458, 1418.5919867621528, 1157.4946085611978, 1464.1669379340278], [1058.1060621473523, 1507.535129123264, 1105.4445054796006, 1553.110080295139], [1249.806128607856, 1596.478271484375, 1297.144571940104, 1642.05322265625]], "b": [[487.5666724310981, 744.5685492621527, 510.9309302435981, 790.1435004340277]], "Expiration": [[160.41666666666666, 833.5116916232639, 350.7971233791775, 879.0866427951389]], "Date": [[362.5041961669922, 833.5116916232639, 451.5555063883463, 879.0866427951389], [318.77916124131946, 1151.773410373264, 407.8305138481988, 1197.348361545139], [1174.8062133789062, 744.5685492621527, 1263.8201395670571, 790.1435004340277], [1049.706098768446, 1062.8302680121528, 1138.7574937608506, 1108.4052191840278], [955.9560139973958, 1507.535129123264, 1044.9699401855469, 1553.110080295139]], "2024-05-24": [[525.066672431098, 833.5116916232639, 742.7070617675781, 879.0866427951389]], "Password": [[160.41666666666666, 922.454833984375, 337.9434585571289, 968.02978515625]], "E^q(%9*rtU": [[410.4291703965929, 922.454833984375, 648.2891930474175, 968.02978515625]], "Shipping": [[160.41666666666666, 1011.3979763454861, 321.29340701633026, 1056.972927517361]], "Address": [[333.3291371663411, 1011.3979763454861, 482.0915222167969, 1056.972927517361]], "1774": [[554.2416466606987, 1011.3979763454861, 646.8569861518012, 1056.972927517361]], "Johnson": [[658.4541744656033, 1011.3979763454861, 809.3096415201823, 1056.972927517361]], "Orchard": [[160.41666666666666, 1062.8302680121528, 310.9059651692708, 1108.4052191840278]], "Alisonhaven,": [[322.9792065090603, 1062.8302680121528, 561.6581386990017, 1108.4052191840278]], "LA": [[575.1292758517795, 1062.8302680121528, 621.6515435112847, 1108.4052191840278]], "38434": [[633.4792666965061, 1062.8302680121528, 749.0446302625868, 1108.4052191840278]], "Release": [[160.41666666666666, 1151.773410373264, 305.6805292765299, 1197.348361545139]], "2024-04-06": [[481.3416798909505, 1151.773410373264, 698.9820268419054, 1197.348361545139]], "Insurance": [[160.41666666666666, 1240.716552734375, 345.3180736965603, 1286.29150390625]], "Company": [[358.4167056613498, 1240.716552734375, 536.8716345893012, 1286.29150390625]], "Holloway": [[610.5292426215277, 1240.716552734375, 782.6842414008246, 1286.29150390625]], "LLC": [[160.41666666666666, 1292.159695095486, 228.37575276692706, 1337.734646267361]], "Return": [[160.41666666666666, 1381.0919867621528, 286.25965118408203, 1426.6669379340278]], "Authorization": [[297.9667027791341, 1381.0919867621528, 546.6972351074219, 1426.6669379340278]], "700": [[618.8167995876736, 1381.0919867621528, 688.5196261935764, 1426.6669379340278]], "Order": [[160.41666666666666, 1470.035129123264, 268.10760498046875, 1515.610080295139]], "Number": [[281.27918243408203, 1470.035129123264, 430.670166015625, 1515.610080295139], [304.22916412353516, 1558.978271484375, 453.58263651529944, 1604.55322265625], [1064.2936706542969, 973.8979763454861, 1213.6470370822483, 1019.4729275173611], [1087.24365234375, 1596.478271484375, 1236.5970187717014, 1642.05322265625]], "76675": [[504.2542775472005, 1470.035129123264, 619.8195987277561, 1515.610080295139]], "Docket": [[160.41666666666666, 1558.978271484375, 291.89325968424475, 1604.55322265625]], "32": [[527.2042168511284, 1558.978271484375, 573.9570617675781, 1604.55322265625]], "Iv": [[585.5542500813801, 1558.978271484375, 624.4341532389323, 1604.55322265625]], "Service": [[160.41666666666666, 1647.921413845486, 299.45551554361975, 1693.496365017361]], "Fee": [[312.5541475084093, 1647.921413845486, 378.6555396185981, 1693.496365017361]], "42868366": [[452.2041744656033, 1647.921413845486, 636.5070343017578, 1693.496365017361]], "Membership": [[826.7686631944445, 744.5685492621527, 1056.420389811198, 790.1435004340277]], "Start": [[1068.49365234375, 744.5685492621527, 1162.4703301323784, 790.1435004340277]], "2002-02-18": [[826.7686631944445, 796.0116916232639, 1044.4090101453992, 841.5866427951389]],