{"Tracking": [[162.5, 196.04526095920139, 294.47025722927515, 234.02438693576389]], "Number": [[304.18754153781464, 196.04526095920139, 427.96126471625433, 234.02438693576389]], "->": [[437.5626034206814, 196.04526095920139, 477.73009406195746, 234.02438693576389], [368.7812805175781, 270.15550401475696, 408.94877115885413, 308.13462999131946], [262.4999788072374, 344.27659776475696, 302.66744825575086, 382.25572374131946], [1155.9561835394966, 196.04526095920139, 1196.1236741807725, 234.02438693576389], [1016.4247300889757, 313.02659776475696, 1056.5922207302517, 351.00572374131946], [1139.3309699164497, 387.1368408203125, 1179.4672648111978, 425.115966796875]], "76": [[487.5626458062066, 196.04526095920139, 528.2733493381077, 234.02438693576389], [1066.4247300889756, 313.02659776475696, 1107.1354336208767, 351.00572374131946]], "Nd": [[539.6876864963108, 196.04526095920139, 582.0641411675347, 234.02438693576389]], "Project": [[162.5, 270.15550401475696, 270.65762413872613, 308.13462999131946]], "Code": [[281.2812805175781, 270.15550401475696, 358.209482828776, 308.13462999131946]], "83": [[418.7813229031033, 270.15550401475696, 459.49202643500433, 308.13462999131946]], "vF": [[470.90636359320746, 270.15550401475696, 507.61595831976996, 308.13462999131946]], "Bill": [[162.5, 344.27659776475696, 208.5754182603624, 382.25572374131946]], "T": [[218.7499788072374, 344.27659776475696, 238.0065706041124, 382.25572374131946]], "o": [[233.3124796549479, 344.27659776475696, 252.2791544596354, 382.25572374131946]], "Karen": [[312.4999576144748, 344.27659776475696, 403.15034654405383, 382.25572374131946]], "Paul": [[412.5624762641059, 344.27659776475696, 477.3878733317057, 382.25572374131946]], "Violation": [[826.7686631944445, 196.04526095920139, 961.106703016493, 234.02438693576389]], "Description": [[970.518832736545, 196.04526095920139, 1146.5440538194443, 234.02438693576389], [953.86233859592, 387.1368408203125, 1129.9189249674478, 425.115966796875]], "Crime": [[1205.9561835394966, 196.04526095920139, 1297.5094265407986, 234.02438693576389]], "deep": [[1308.0811394585503, 196.04526095920139, 1383.8013543023003, 234.02438693576389]], "degree": [[826.7686631944445, 238.90550401475693, 932.9155815972222, 276.88462999131946]], "sense": [[943.4872945149739, 238.90550401475693, 1032.94677734375, 276.88462999131946]], "bank": [[1043.5184902615017, 238.90550401475693, 1118.2934231228298, 276.88462999131946]], "world": [[1128.9872063530815, 238.90550401475693, 1213.0199856228298, 276.88462999131946]], "push": [[1222.7060106065537, 238.90550401475693, 1296.668921576606, 276.88462999131946]], "white.": [[1306.0809665256077, 238.90550401475693, 1400.761244032118, 276.88462999131946]], "Service": [[826.7686631944445, 313.02659776475696, 941.22806125217, 351.00572374131946]], "Fee": [[951.7997741699219, 313.02659776475696, 1005.8530171712239, 351.00572374131946]], "Product": [[826.7686631944445, 387.1368408203125, 943.2699415418837, 425.115966796875]], "Wife": [[1189.3309699164497, 387.1368408203125, 1257.9466078016492, 425.115966796875]], "need": [[1268.518320719401, 387.1368408203125, 1344.2697313096787, 425.115966796875]], "it": [[1353.9557562934028, 387.1368408203125, 1374.6133592393662, 425.115966796875]], "eye": [[1385.2057562934028, 387.1368408203125, 1441.3526746961804, 425.115966796875]], "with": [[826.7686631944445, 429.99708387586804, 892.3565334743923, 467.97620985243054]], "improve.": [[901.768578423394, 429.99708387586804, 1040.2301364474827, 467.97620985243054]], "Myself": [[1049.7372945149739, 429.99708387586804, 1150.2861870659722, 467.97620985243054]], "join": [[1160.1747300889756, 429.99708387586804, 1217.4189249674478, 467.97620985243054]], "term": [[1226.8310546875, 429.99708387586804, 1301.0077582465278, 467.97620985243054]], "board": [[1312.2996860080295, 429.99708387586804, 1400.551266140408, 467.97620985243054]], "at.": [[1410.2372911241318, 429.99708387586804, 1452.8862847222222, 467.97620985243054]], "Air": [[826.7686631944445, 472.86817762586804, 869.2610846625433, 510.84730360243054]], "yes": [[878.8623385959202, 472.86817762586804, 932.6747470431857, 510.84730360243054]], "own": [[943.4872945149739, 472.86817762586804, 1007.0127699110243, 510.84730360243054]], "ten.": [[1016.424814860026, 472.86817762586804, 1077.7926127115884, 510.84730360243054]], "Physical": [[1087.268575032552, 472.86817762586804, 1212.5627305772568, 510.84730360243054]], "six": [[1222.7059258355034, 472.86817762586804, 1266.1995781792534, 510.84730360243054]], "tough": [[1276.8933614095051, 472.86817762586804, 1365.4188368055554, 510.84730360243054]], "seek": [[1374.8308817545571, 472.86817762586804, 1447.5121392144097, 510.84730360243054]], "happen": [[826.7686631944445, 515.7284206814236, 940.3253343370226, 553.7075466579861]], "direction": [[949.7373792860243, 515.7284206814236, 1084.0752495659722, 553.7075466579861]], "third": [[1093.4872945149739, 515.7284206814236, 1165.0511847601997, 553.7075466579861]], "support.": [[1174.7372097439236, 515.7284206814236, 1302.792527940538, 553.7075466579861]], "democratic:": [[204.16666666666666, 1041.8785942925347, 391.29486083984375, 1079.8577202690972]], "OR": [[402.1354675292969, 1041.8785942925347, 448.83270263671875, 1079.8577202690972]], "something:": [[204.16666666666666, 1168.083021375868, 380.88862101236975, 1206.0621473524304]], "#495e63": [[391.69794718424475, 1168.083021375868, 538.6898888481987, 1206.0621473524304]], "off:": [[204.16666666666666, 1294.2765977647568, 257.98233879937067, 1332.2557237413193]], "6": [[268.79166497124567, 1294.2765977647568, 288.65860833062067, 1332.2557237413193]], "trip:": [[204.16666666666666, 1420.4810248480903, 270.41984134250214, 1458.4601508246528]], "1958-07-18": [[281.2604056464301, 1420.4810248480903, 476.15856594509546, 1458.4601508246528]], "wife:": [[204.16666666666666, 1546.674601236979, 280.85734049479163, 1584.6537272135415]], "f36cb8efa96fba9ddce78f056c1138abc98c035e4c8d3ef9b82a6378856567d5": [[204.16666666666666, 1589.5348442925347, 1426.5650431315103, 1627.5139702690972]], "challenge:": [[204.16666666666666, 1715.739271375868, 364.2011430528429, 1753.7183973524304]], "GB78RHRL51153395226335": [[375.041749742296, 1715.739271375868, 834.5651414659288, 1753.7183973524304]], "among:": [[204.16666666666666, 1841.9328477647568, 324.63862101236975, 1879.9119737413193]], "31826-6718": [[335.4479259914822, 1841.9328477647568, 536.6274091932509, 1879.9119737413193]], "write:": [[204.16666666666666, 1968.13727484809, 295.41984134250214, 2006.1164008246526]], "7": [[306.2604056464301, 1968.13727484809, 326.1273490058051, 2006.1164008246526]], "future": [[244.47701772054035, 815.2184380425347, 352.6977327134874, 853.1975640190972]], "082-60-0000": [[244.47701772054035, 853.0222574869791, 460.2502187093099, 891.0013834635416]], "southern": [[481.97699652777777, 815.2184380425347, 639.6457672119141, 853.1975640190972]], "SwiftCoin": [[481.97699652777777, 853.0222574869791, 626.72119140625, 891.0013834635416]], "design": [[661.1436631944445, 815.2184380425347, 775.0624762641058, 853.1975640190972]], "1994-07-29": [[661.1436631944445, 853.0222574869791, 856.073252360026, 891.0013834635416]], "reduce": [[877.8103298611111, 815.2184380425347, 996.437242296007, 853.1975640190972]], "6XI3842": [[877.8103298611111, 853.0222574869791, 1014.3647087944878, 891.0013834635416]], "during": [[1036.1436631944443, 815.2184380425347, 1149.6192932128906, 853.1975640190972]], "blog/blog/blog": [[1036.1436631944443, 853.0222574869791, 1259.739006890191, 891.0013834635416]], "anyone": [[1279.8936631944443, 815.2184380425347, 1408.9583502875435, 853.1975640190972]], "8": [[1279.8936631944443, 853.0222574869791, 1299.7606065538193, 891.0013834635416]], "perhaps": [[570.5186208089192, 911.659410264757, 709.8705715603298, 949.6385362413195]], "00185622": [[570.5186208089192, 949.4632297092013, 736.2606472439236, 987.4423556857638]],