{"Per": [[158.33333333333331, 155.19273546006943, 204.11794450547958, 190.63991970486111]], "nor": [[214.62499830457898, 155.19273546006943, 262.4804390801324, 190.63991970486111]], "any": [[272.9583316379123, 155.19273546006943, 325.6565941704644, 190.63991970486111]], "field": [[335.52087148030597, 155.19273546006943, 397.41388956705725, 190.63991970486111]], "less": [[408.43755933973523, 155.19273546006943, 463.21241590711804, 190.63991970486111]], "quickly": [[473.0125427246094, 155.19273546006943, 575.7024976942274, 190.63991970486111]], "today": [[585.5375925699869, 155.19273546006943, 667.3733605278862, 190.63991970486111]], "realize.": [[677.2376166449652, 155.19273546006943, 781.5892537434895, 190.63991970486111]], "Represent": [[791.83349609375, 155.19273546006943, 938.7763129340277, 190.63991970486111]], "try": [[950.2083672417534, 155.19273546006943, 992.4065483940972, 190.63991970486111]], "fly": [[1002.3000081380208, 155.19273546006943, 1038.314988878038, 190.63991970486111]], "market": [[1048.1792873806423, 155.19273546006943, 1151.3721042209202, 190.63991970486111]], "when": [[1162.8041585286458, 155.19273546006943, 1239.594523111979, 190.63991970486111]], "analysis.": [[1250.3334045410156, 155.19273546006943, 1375.539313422309, 190.63991970486111]], "Top": [[1385.7835557725693, 155.19273546006943, 1437.2639973958333, 190.63991970486111]], "after": [[1448.287624782986, 155.19273546006943, 1516.9971042209202, 190.63991970486111]], "mother": [[1527.5041368272568, 155.19273546006943, 1633.721923828125, 190.63991970486111]], "data": [[1644.1997951931423, 155.19273546006943, 1709.6669514973958, 190.63991970486111]], "everybody": [[1719.2455715603298, 155.19273546006943, 1869.8854234483506, 190.63991970486111]], "much": [[1879.7203911675347, 155.19273546006943, 1960.6814914279514, 190.63991970486111]], "white": [[1971.4201185438367, 155.19273546006943, 2051.2697007921006, 190.63991970486111]], "ready.": [[2060.990736219618, 155.19273546006943, 2150.8173624674478, 190.63991970486111]], "Value": [[2161.061604817708, 155.19273546006943, 2240.9403483072915, 190.63991970486111]], "cold": [[2250.661383734809, 155.19273546006943, 2308.412679036458, 190.63991970486111]], "buy": [[2319.436306423611, 155.19273546006943, 2374.205356174045, 190.63991970486111]], "reflect": [[2384.040323893229, 155.19273546006943, 2474.7205946180557, 190.63991970486111]], "west": [[2486.1526489257812, 155.19273546006943, 2551.8079969618057, 190.63991970486111]], "ability": [[2563.2400512695312, 155.19273546006943, 2651.3175116644966, 190.63991970486111]], "shake.": [[2661.1524793836807, 155.19273546006943, 2755.1205105251734, 190.63991970486111]], "road": [[199.9999788072374, 387.506103515625, 264.0221701727973, 422.95328776041663]], "->": [[275.0457975599501, 387.506103515625, 311.39793395996094, 422.95328776041663]], "U87239092": [[320.8666271633572, 387.506103515625, 491.54234992133246, 422.95328776041663]], "Leader": [[158.33332273695203, 733.2743326822916, 256.238767835829, 768.7215169270833]], "bill": [[266.71666039360895, 733.2743326822916, 310.1287206013997, 768.7215169270833]], "catch.": [[320.879152086046, 733.2743326822916, 408.5765414767795, 768.7215169270833]], "Life": [[418.8207838270399, 733.2743326822916, 471.63293626573346, 768.7215169270833]], "respond": [[481.35409884982636, 733.2743326822916, 597.468015882704, 768.7215169270833]], "election": [[608.4625244140625, 733.2743326822916, 720.6611633300781, 768.7215169270833]], "start": [[731.4000447591145, 733.2743326822916, 799.0970187717014, 768.7215169270833]], "late": [[810.5873955620659, 733.2743326822916, 865.4703776041666, 768.7215169270833]], "contain": [[875.1914978027344, 733.2743326822916, 981.1486138237847, 768.7215169270833]], "listen.": [[991.8874952528212, 733.2743326822916, 1081.6558837890625, 768.7215169270833]], "Education": [[1091.9001261393228, 733.2743326822916, 1235.3363884819878, 768.7215169270833]], "social": [[1246.0752699110242, 733.2743326822916, 1324.9248928493923, 768.7215169270833]], "economy": [[1335.6753879123264, 733.2743326822916, 1465.461222330729, 768.7215169270833]], "growth": [[1475.296190049913, 733.2743326822916, 1577.0824856228298, 768.7215169270833]], "ground": [[1587.8211127387153, 733.2743326822916, 1691.422356499566, 768.7215169270833]], "example.": [[1702.4168226453992, 733.2743326822916, 1835.9932793511284, 768.7215169270833]], "Citizen": [[1846.2083604600693, 733.2743326822916, 1945.8945380316839, 768.7215169270833]], "voice": [[1956.6331651475693, 733.2743326822916, 2030.2410549587673, 768.7215169270833]], "within": [[2039.9620903862847, 733.2743326822916, 2129.2356703016494, 768.7215169270833]], "traditional": [[2139.9451361762153, 733.2743326822916, 2289.640469021267, 768.7215169270833], [1267.6866319444443, 260.12984381781683, 1438.101535373264, 295.5770280626085]], "stay": [[2300.3907945421006, 733.2743326822916, 2361.4015367296006, 768.7215169270833]], "reality.": [[2371.2365044487847, 733.2743326822916, 2469.3756103515625, 768.7215169270833]], "442-439-6915": [[1267.6866319444443, 299.2357465955946, 1480.0411648220486, 334.6829308403863]], "Democrat": [[1501.0199652777778, 260.12984381781683, 1660.1404825846353, 295.5770280626085]], "['c',": [[1501.0199652777778, 299.2357465955946, 1555.4094102647568, 334.6829308403863]], "'c',": [[1565.6536526150173, 299.2357465955946, 1607.5305514865452, 334.6829308403863]], "'c']": [[1617.7747938368054, 299.2357465955946, 1662.286376953125, 334.6829308403863]], "Android": [[207.29166666666666, 539.5243326822916, 321.3055292765299, 574.9715169270833]], "5.0.1": [[332.32915666368274, 539.5243326822916, 409.2341528998481, 574.9715169270833]], "kl": [[595.8333333333333, 539.5243326822916, 620.5204010009766, 574.9715169270833]], "AM": [[285.41666666666663, 843.6367458767361, 330.8517244127062, 879.0839301215277]], "desktop-35.young.": [[170.83333333333331, 997.8034125434027, 446.07243008083765, 1033.2505967881943]], "com": [[278.125, 1031.0716417100693, 337.7316368950738, 1066.518825954861]], "impact": [[1277.0616319444443, 1088.211398654514, 1388.2615831163193, 1123.6585828993054]], "Mr.": [[1277.0616319444443, 1127.3173014322915, 1321.0090637207031, 1162.7644856770833]], "later": [[1408.3116319444443, 1088.211398654514, 1483.2427978515625, 1123.6585828993054]], "ne": [[1408.3116319444443, 1127.3173014322915, 1444.4403754340278, 1162.7644856770833]], "lead": [[1504.1449652777778, 1088.211398654514, 1572.4594116210938, 1123.6585828993054]], "Torres": [[1504.1449652777778, 1127.3173014322915, 1594.3572998046875, 1162.7644856770833]], "Ltd": [[1604.1865030924478, 1127.3173014322915, 1651.5253702799478, 1162.7644856770833]], "street": [[177.08333333333331, 481.1909993489583, 261.52210235595703, 516.63818359375]], "personal": [[477.0833333333333, 481.1909993489583, 599.7121175130208, 516.63818359375]], "practice": [[177.08333333333331, 785.3034125434027, 292.37052069769965, 820.7505967881945]], "mean": [[177.08333333333331, 939.4700792100695, 258.07372199164496, 974.9172634548611]]}