{"Description": [[187.5, 187.25552029079861, 414.8184458414713, 230.29852973090277], [187.5, 1885.855780707465, 414.8184458414713, 1928.8987901475693]], "Amount": [[749.2438422309027, 187.25552029079861, 904.9201117621527, 230.29852973090277], [749.2438422309027, 1885.855780707465, 904.9201117621527, 1928.8987901475693]], "that": [[187.5, 283.57713487413196, 259.8223368326823, 326.6201443142361]], "$": [[749.2513020833333, 283.57713487413196, 771.7671712239583, 326.6201443142361], [749.2513020833333, 379.8878987630208, 771.7671712239583, 422.930908203125], [749.2513020833333, 476.20951334635413, 771.7671712239583, 519.2525227864584], [749.2513020833333, 572.520277235243, 771.7671712239583, 615.5632866753472], [749.2792765299479, 668.8418918185764, 771.7951456705729, 711.8849012586805], [749.2513020833333, 1982.1773952907986, 771.7671712239583, 2025.2204047309026], [749.2513020833333, 2078.4881591796875, 771.7671712239583, 2121.5311686197915]], "8219.00": [[784.6326192220051, 283.57713487413196, 934.3299018012152, 326.6201443142361]], "discuss": [[187.5, 379.8878987630208, 318.43528747558594, 422.930908203125]], "3828.00": [[784.6326192220051, 379.8878987630208, 934.3299018012152, 422.930908203125]], "image": [[187.5, 476.20951334635413, 298.2020060221354, 519.2525227864584]], "3774.00": [[784.6326192220051, 476.20951334635413, 934.3299018012152, 519.2525227864584]], "summer": [[187.5, 572.520277235243, 335.9935336642795, 615.5632866753472]], "1643.00": [[784.6326192220051, 572.520277235243, 934.3299018012152, 615.5632866753472]], "Total": [[187.5, 668.8418918185764, 289.2449061075846, 711.8849012586805]], "Current": [[302.1437538994683, 668.8418918185764, 449.4971805148654, 711.8849012586805]], "Charges": [[462.54586113823785, 668.8418918185764, 621.0447523328993, 711.8849012586805]], "17464.00": [[784.6960279676649, 668.8418918185764, 957.3080274793837, 711.8849012586805]], "Blood": [[164.58333333333331, 804.0357801649305, 389.21135796440973, 890.1217990451388]], "choose": [[414.69586690266925, 804.0357801649305, 690.8794403076172, 890.1217990451388]], "on": [[716.8000115288628, 804.0357801649305, 815.2159796820746, 890.1217990451388]], "leave": [[839.695824517144, 804.0357801649305, 1053.4044901529949, 890.1217990451388]], "first": [[1079.3251037597656, 804.0357801649305, 1242.7776760525173, 890.1217990451388]], "good.": [[1266.8208652072483, 804.0357801649305, 1488.26904296875, 890.1217990451388]], "Hospital": [[164.58333333333331, 909.1681586371527, 490.89808993869354, 995.2541775173611]], "church": [[516.6957855224609, 909.1681586371527, 785.8201768663195, 995.2541775173611], [768.7209235297308, 1014.2896864149305, 1037.845187717014, 1100.375705295139]], "cultural.": [[810.3000217013889, 909.1681586371527, 1142.1774122450086, 995.2541775173611]], "Nation": [[1166.5208604600693, 909.1681586371527, 1429.6244303385415, 995.2541775173611]], "program": [[164.58333333333331, 1014.2896864149305, 506.2200334337022, 1100.375705295139]], "black": [[531.2167273627387, 1014.2896864149305, 743.355475531684, 1100.375705295139]], "quality": [[1062.3959011501736, 1014.2896864149305, 1337.6456366644966, 1100.375705295139]], "doctor": [[164.58333333333331, 1119.4220648871528, 418.5966491699219, 1205.508083767361]], "political.": [[443.80836486816406, 1119.4220648871528, 788.2233513726128, 1205.508083767361]], "Campaign": [[812.6375834147135, 1119.4220648871528, 1211.0327826605903, 1205.508083767361]], "myself": [[164.58333333333331, 1224.554443359375, 429.879887898763, 1310.6404622395833]], "nor": [[454.15000915527344, 1224.554443359375, 587.2508578830295, 1310.6404622395833]], "clearly": [[612.4625735812717, 1224.554443359375, 881.4790513780382, 1310.6404622395833]], "take.": [[906.2792460123698, 1224.554443359375, 1106.9024827745225, 1310.6404622395833]], "his": [[187.5, 1982.1773952907986, 239.2790052625868, 2025.2204047309026]], "8229.00": [[784.6326192220051, 1982.1773952907986, 934.3299018012152, 2025.2204047309026]], "truth": [[187.5, 2078.4881591796875, 276.6016642252604, 2121.5311686197915]], "3205.00": [[784.6326192220051, 2078.4881591796875, 934.3299018012152, 2121.5311686197915]], "stage": [[381.97699652777777, 1617.4747043185764, 490.9208509657118, 1660.5177137586804]], "Cardano": [[381.97699652777777, 1665.8145480685764, 530.5829789903429, 1708.8575575086804]], "avoid": [[563.2269965277777, 1617.4747043185764, 671.361838446723, 1660.5177137586804]], "08:30:51.718611": [[563.2269965277777, 1665.8145480685764, 883.7742275661892, 1708.8575575086804]], "evidence": [[917.3936631944445, 1617.4747043185764, 1092.95654296875, 1660.5177137586804]], "('Philip',": [[917.3936631944445, 1665.8145480685764, 1065.6751844618054, 1708.8575575086804]], "'Woodard')": [[1077.7603997124565, 1665.8145480685764, 1271.0680643717446, 1708.8575575086804]], "listen": [[410.10199652777777, 1743.321058485243, 520.7578870985243, 1786.3640679253472]], "2024-04-23": [[410.10199652777777, 1787.7254909939236, 613.9155917697483, 1838.6193169487847]], "15:08:35.370911": [[626.8163892957899, 1789.979044596354, 947.3993937174479, 1833.0220540364583]], "mouth": [[980.9353298611111, 1743.321058485243, 1110.362074110243, 1786.3640679253472]], "YTSXGB79D99": [[980.9353298611111, 1791.660902235243, 1243.0806477864583, 1834.7039116753472]]}