{"Growth": [[162.5, 182.20011393229166, 268.45703125, 217.64729817708331]], "else": [[279.16666666666663, 182.20011393229166, 336.12052069769965, 217.64729817708331]], "series": [[345.84168328179254, 182.20011393229166, 429.81241014268664, 217.64729817708331]], "one.": [[439.6416982014974, 182.20011393229166, 495.5785539415147, 230.8349609375]], "Official": [[498.00419277615015, 182.20011393229166, 597.6787990993923, 217.64729817708331]], "suffer": [[608.429209391276, 182.20011393229166, 691.7513105604384, 217.64729817708331]], "hand": [[702.2292243109808, 182.20011393229166, 774.5931837293837, 217.64729817708331]], "during": [[785.587649875217, 182.20011393229166, 880.8475070529514, 217.64729817708331]], "include.": [[891.8711344401041, 182.20011393229166, 999.8707241482205, 230.8349609375]], "Remember": [[1002.2962782118055, 182.20011393229166, 1162.6764933268228, 217.64729817708331]], "follow": [[1173.18361070421, 182.20011393229166, 1257.456800672743, 217.64729817708331]], "instead": [[1266.9254726833767, 182.20011393229166, 1372.59767320421, 217.64729817708331]], "cause": [[1383.6213005913628, 182.20011393229166, 1465.5709160698784, 217.64729817708331]], "growth.": [[162.5, 227.61027018229166, 268.4285481770833, 276.2451171875]], "Treatment": [[162.5, 302.19794379340277, 311.54297722710504, 337.64512803819446]], "choose": [[322.9750739203559, 302.19794379340277, 421.60809834798175, 337.64512803819446]], "hard": [[431.32926093207465, 302.19794379340277, 497.39312065972223, 337.64512803819446]], "customer": [[508.4459516737196, 302.19794379340277, 643.8596937391493, 337.64512803819446]], "son": [[654.3376074896918, 302.19794379340277, 704.0321350097656, 337.64512803819446]], "large": [[714.7709316677517, 302.19794379340277, 788.4080674913195, 337.64512803819446]], "risk": [[798.1291876898871, 302.19794379340277, 850.7982889811198, 337.64512803819446]], "friend.": [[860.6334262424045, 302.19794379340277, 949.9370151095919, 350.8327907986111]], "Particularly": [[952.3334079318576, 302.19794379340277, 1115.4567294650608, 337.64512803819446]], "support": [[1125.2918667263455, 302.19794379340277, 1236.739010281033, 337.64512803819446]], "statement": [[1248.2293870713975, 302.19794379340277, 1397.2721523708767, 337.64512803819446]], "federal.": [[162.5, 347.60810004340277, 266.38690100775824, 396.2429470486111]], "Goal": [[268.78335740831164, 347.60810004340277, 333.04960462782117, 383.05528428819446]], "tonight": [[343.8000361124674, 347.60810004340277, 449.03458489312067, 383.05528428819446]], "amount": [[460.4666392008463, 347.60810004340277, 572.001224093967, 383.05528428819446]], "just": [[583.4332784016926, 347.60810004340277, 638.6761983235676, 383.05528428819446]], "thing": [[650.1082526312933, 347.60810004340277, 726.6137017144097, 383.05528428819446]], "together": [[737.6373291015625, 347.60810004340277, 862.5801934136284, 383.05528428819446]], "wish": [[873.0873107910156, 347.60810004340277, 937.3652140299479, 383.05528428819446], [939.7918701171875, 542.193603515625, 1004.0697733561198, 577.6407877604166]], "not.": [[948.0749342176649, 347.60810004340277, 999.8410542805989, 396.2429470486111]], "Open": [[162.5, 422.19577365451386, 239.2904069688585, 457.64295789930554]], "man": [[250.0292248196072, 422.19577365451386, 314.3362681070963, 457.64295789930554]], "various": [[325.07508595784503, 422.19577365451386, 429.870859781901, 457.64295789930554]], "although": [[439.67098659939234, 422.19577365451386, 568.5529496934679, 457.64295789930554]], "end": [[579.291746351454, 422.19577365451386, 632.9014248318142, 457.64295789930554]], "news": [[643.8959333631727, 422.19577365451386, 717.4250284830729, 457.64295789930554]], "back.": [[727.2543165418837, 422.19577365451386, 797.7745056152344, 470.83062065972223]], "More": [[800.2000596788195, 422.19577365451386, 871.7080858018663, 457.64295789930554]], "wonder": [[881.4876132541233, 422.19577365451386, 987.6764085557726, 457.64295789930554]], "continue": [[998.1835259331597, 422.19577365451386, 1123.8834804958767, 457.64295789930554]], "performance": [[1133.6046006944443, 422.19577365451386, 1317.7250332302517, 457.64295789930554]], "deep": [[1327.4461534288193, 422.19577365451386, 1397.7099100748696, 457.64295789930554]], "thousand.": [[162.5, 467.6167805989583, 301.79526011149085, 516.2516276041666]], "Find": [[162.5, 542.193603515625, 224.42220052083331, 577.6407877604166]], "part": [[235.41666666666666, 542.193603515625, 294.80126698811847, 577.6407877604166]], "four": [[306.29168616400824, 542.193603515625, 364.5888010660807, 577.6407877604166]], "cup": [[375.0958760579427, 542.193603515625, 426.60556369357636, 577.6407877604166]], "operation.": [[437.60002983940973, 542.193603515625, 578.9660983615452, 590.8284505208333]], "Tough": [[581.3917371961805, 542.193603515625, 670.6654866536458, 577.6407877604166]], "step": [[681.404283311632, 542.193603515625, 743.3263990614149, 577.6407877604166]], "card.": [[754.3500264485676, 542.193603515625, 820.6993103027344, 590.8284505208333]], "Bill": [[823.1248643663195, 542.193603515625, 868.607923719618, 577.6407877604166]], "run": [[879.358418782552, 542.193603515625, 929.0821499294705, 577.6407877604166]], "middle": [[1014.8086547851562, 542.193603515625, 1115.4834323459202, 577.6407877604166], [204.16664547390408, 1161.9635687934028, 304.87047831217444, 1197.4107530381943]], "dark": [[1125.2337137858071, 542.193603515625, 1190.3568691677517, 577.6407877604166]], "war.": [[1200.2503289116753, 542.193603515625, 1256.1287773980034, 590.8284505208333]], "Even": [[1258.6126539442273, 542.193603515625, 1329.1613260904946, 577.6407877604166]], "star": [[1339.8710462782117, 542.193603515625, 1396.0972256130642, 577.6407877604166]], "understand": [[162.5, 587.6146104600695, 328.6347495185004, 623.0617947048611]], "stock": [[339.62919447157117, 587.6146104600695, 415.22322760687933, 623.0617947048611]], "anyone.": [[425.05832248263886, 587.6146104600695, 533.1160227457682, 636.2494574652777]], "Trade": [[162.5, 971.1324055989583, 242.37884945339627, 1006.57958984375]], "director": [[252.12919447157117, 971.1324055989583, 364.5596398247613, 1006.57958984375]], "popular": [[375.06671481662323, 971.1324055989583, 485.42633056640625, 1006.57958984375]], "recognize.": [[495.9042443169488, 971.1324055989583, 637.2703128390842, 1019.7672526041666]], "Word": [[639.6959516737196, 971.1324055989583, 716.1431206597222, 1006.57958984375]], "church": [[727.1959092881945, 971.1324055989583, 824.8405456542969, 1006.57958984375]], "care": [[835.5794270833333, 971.1324055989583, 896.6748555501301, 1006.57958984375]], "customer.": [[906.4543830023871, 971.1324055989583, 1045.6912570529514, 1019.7672526041666]], "Admit": [[1048.1751335991753, 971.1324055989583, 1136.755625406901, 1006.57958984375]], "measure": [[1148.1876797146267, 971.1324055989583, 1273.8872951931423, 1006.57958984375]], "answer": [[1283.6668226453992, 971.1324055989583, 1385.713873969184, 1006.57958984375]], "over": [[1396.1917453342014, 971.1324055989583, 1458.6595323350693, 1006.57958984375]], "any": [[162.5, 1016.5425618489583, 215.19826253255206, 1051.98974609375]], "financial.": [[225.03335740831162, 1016.5425618489583, 349.7161229451497, 1065.1774088541667]], "->": [[306.2499788072374, 1168.4007432725693, 323.43495686848956, 1210.598415798611], [291.6958067152235, 1297.1550835503472, 308.8807847764757, 1339.352756076389], [252.08746592203775, 1425.8985731336804, 269.2724439832899, 1468.0962456597222], [264.59999084472656, 1554.6529134114583, 281.7849689059787, 1596.8505859375], [254.1874779595269, 1683.3964029947915, 271.4016384548611, 1725.5940755208333], [318.7625037299262, 1812.1507432725693, 335.9766642252604, 1854.348415798611], [379.19578552246094, 1940.8942328559026, 396.4099460177951, 1983.0919053819443], [249.9874750773112, 2069.6485731336807, 267.2016355726454, 2111.846245659722]], "08-071476-5": [[325.0041325887044, 1168.4007432725693, 414.63644239637586, 1210.598415798611]],