{"Since": [[160.41666666666666, 395.83108690049914, 250.11664496527777, 444.35607062445746]], "reach": [[258.3291583591037, 395.83108690049914, 349.0791532728407, 444.35607062445746]], "half": [[358.34168328179254, 395.83108690049914, 423.2542249891493, 444.35607062445746]], "usually": [[431.2417348225911, 395.83108690049914, 548.0917612711588, 444.35607062445746]], "weight.": [[556.2667422824436, 395.83108690049914, 679.229270087348, 444.35607062445746]], "Sometimes": [[685.4167938232422, 395.83108690049914, 872.5045098198784, 444.35607062445746]], "from": [[881.241946750217, 395.83108690049914, 961.5294562445746, 444.35607062445746]], "point": [[970.8294338650173, 395.83108690049914, 1059.7419738769531, 444.35607062445746]], "suddenly": [[1068.741946750217, 395.83108690049914, 1218.929460313585, 444.35607062445746]], "police.": [[1227.066887749566, 395.83108690049914, 1335.4794820149739, 444.35607062445746]], "Everything": [[160.41666666666666, 444.3553924560547, 342.62913597954645, 492.880376180013]], "partner": [[350.0166575113932, 444.3553924560547, 474.8167249891493, 492.880376180013]], "by": [[483.32926432291663, 444.3553924560547, 523.1167687310112, 492.880376180013]], "blue": [[531.2542809380425, 444.3553924560547, 602.2042592366536, 492.880376180013]], "break.": [[610.4167938232422, 444.3553924560547, 712.5293307834202, 492.880376180013]], "Fine": [[718.7543233235676, 444.3553924560547, 791.766866048177, 492.880376180013]], "challenge": [[800.016869439019, 444.3553924560547, 958.4544711642794, 492.880376180013]], "impact": [[966.6669209798176, 444.3553924560547, 1080.5920918782551, 492.880376180013]], "fall": [[1089.592064751519, 444.3553924560547, 1142.5421820746528, 492.880376180013]], "force": [[1150.004662407769, 444.3553924560547, 1233.4422641330295, 492.880376180013]], "throughout": [[1241.6547139485676, 444.3553924560547, 1432.6797485351562, 492.880376180013]], "morning.": [[160.41666666666666, 492.87969801161023, 314.61664835611975, 541.4046817355686]], "Former": [[320.8416620890299, 492.87969801161023, 443.57918633355035, 541.4046817355686]], "ahead": [[452.0917256673177, 492.87969801161023, 552.0667182074652, 541.4046817355686]], "finally": [[560.429212782118, 492.87969801161023, 664.7542741563585, 541.4046817355686]], "society": [[672.9292551676432, 492.87969801161023, 789.7794087727864, 541.4046817355686]], "worker.": [[797.9168362087673, 492.87969801161023, 920.8793640136719, 541.4046817355686]], "Defense": [[160.41666666666666, 608.5371653238932, 427.3416731092665, 684.0621524386936], [670.8666483561198, 1510.0128173828125, 937.7166748046875, 1585.537889268663]], "word": [[445.86669074164496, 608.5371653238932, 612.4416775173611, 684.0621524386936]], "if": [[631.2666998969183, 608.5371653238932, 679.7916836208767, 684.0621524386936]], "foreign": [[697.941674126519, 608.5371653238932, 938.1667243109808, 684.0621524386936]], "home": [[956.2416924370659, 608.5371653238932, 1144.1166347927517, 684.0621524386936]], "red.": [[1162.4916076660156, 608.5371653238932, 1291.716596815321, 684.0621524386936]], "View": [[1306.266615125868, 608.5371653238932, 1473.3666314019097, 684.0621524386936]], "certainly": [[160.41666666666666, 705.5857764350043, 454.56665886773004, 781.1108059353298]], "join": [[472.9416741265191, 705.5857764350043, 602.9166327582465, 781.1108059353298]], "share": [[620.8416408962673, 705.5857764350043, 802.3416307237413, 781.1108059353298]], "agreement.": [[820.8666483561198, 705.5857764350043, 1195.9415859646267, 781.1108059353298]], "Nothing": [[1212.516615125868, 705.5857764350043, 1485.2918836805554, 781.1108059353298]], "maybe": [[160.41666666666666, 802.6343451605902, 379.4166564941406, 878.1594170464409]], "front": [[397.9416741265191, 802.6343451605902, 565.3416103786892, 878.1594170464409]], "short": [[583.3415985107422, 802.6343451605902, 759.0666029188368, 878.1594170464409]], "factor": [[777.0666334364149, 802.6343451605902, 972.3666720920138, 878.1594170464409]], "try.": [[991.6416592068142, 802.6343451605902, 1104.2917039659287, 878.1594170464409]], "Evening": [[1120.8667331271702, 802.6343451605902, 1389.4417656792534, 878.1594170464409]], "order": [[160.41666666666666, 899.6829562717013, 339.366700914171, 975.208028157552]], "whole": [[358.34168328179254, 899.6829562717013, 558.5916307237413, 975.208028157552]], "way": [[577.1166483561198, 899.6829562717013, 706.6416422526041, 975.208028157552]], "machine": [[725.016615125868, 899.6829562717013, 1010.6166415744357, 975.208028157552]], "hospital.": [[1029.1416592068142, 899.6829562717013, 1320.8918253580728, 975.208028157552]], "Increase": [[160.41666666666666, 1315.9155951605903, 441.8916490342882, 1391.440667046441]], "Mrs": [[460.41666666666663, 1315.9155951605903, 586.641608344184, 1391.440667046441]], "task": [[606.2166002061632, 1315.9155951605903, 742.8666008843315, 1391.440667046441]], "conference.": [[762.516615125868, 1315.9155951605903, 1150.1165601942273, 1391.440667046441]], "Difference": [[160.41666666666666, 1412.9642062717014, 506.46671719021265, 1488.489278157552]], "speak": [[524.9917348225912, 1412.9642062717014, 713.6917114257812, 1488.489278157552], [160.41666666666666, 1607.0614284939236, 349.11668565538196, 1682.5865003797742]], "other": [[733.3417256673176, 1412.9642062717014, 912.1417575412326, 1488.489278157552]], "write": [[931.2667846679688, 1412.9642062717014, 1102.3418850368923, 1488.489278157552]], "situation": [[1120.8669026692708, 1412.9642062717014, 1421.467081705729, 1488.489278157552]], "possible": [[160.41666666666666, 1510.0128173828125, 435.6666564941406, 1585.537889268663]], "enjoy.": [[454.1916741265191, 1510.0128173828125, 654.2916615804036, 1585.537889268663]], "administration": [[956.2416924370659, 1510.0128173828125, 1452.8918796115452, 1585.537889268663]], "special.": [[368.7666575113932, 1607.0614284939236, 620.9166208902994, 1682.5865003797742]], "Put": [[637.4916076660156, 1607.0614284939236, 752.8415256076389, 1682.5865003797742]], "can": [[770.841556125217, 1607.0614284939236, 888.291507297092, 1682.5865003797742]], "option": [[906.2165154351128, 1607.0614284939236, 1125.8165995279946, 1682.5865003797742]], "beat": [[1143.7416076660156, 1607.0614284939236, 1288.2665846082898, 1682.5865003797742]], "month": [[160.41666666666666, 1704.120890299479, 381.51668972439234, 1779.6459621853298]], "task.": [[399.9666849772135, 1704.120890299479, 558.4417131212023, 1779.6459621853298]], "['SCG3448-JCRV']": [[204.16666666666666, 260.41442023383246, 498.99164835611975, 308.9394039577908]], "worry.jpeg": [[265.625, 1982.712639702691, 439.51246473524304, 2031.2376234266492]], "enter": [[183.33333333333331, 185.41442023383246, 272.7333068847656, 233.9394039577908]], "role": [[183.33333333333331, 1907.712639702691, 248.02080790201822, 1956.2376234266492]]}