{"Green": [[160.41666666666666, 613.812255859375, 319.86668904622394, 690.0122324625651]], "us": [[337.491692437066, 613.812255859375, 392.9917229546441, 690.0122324625651]], "tonight": [[410.3917015923394, 613.812255859375, 581.5417819552952, 690.0122324625651]], "while": [[597.8917439778645, 613.812255859375, 730.1917182074652, 690.0122324625651]], "feeling": [[745.8667331271702, 613.812255859375, 908.241695827908, 690.0122324625651], [183.33333333333331, 379.1688283284505, 265.5708948771159, 426.0438283284505]], "modern": [[924.9666849772135, 613.812255859375, 1096.9414605034722, 690.0122324625651]], "next.": [[1114.5664638943142, 613.812255859375, 1230.2164713541665, 690.0122324625651]], "Ago": [[1247.9164123535156, 613.812255859375, 1367.5413343641492, 690.0122324625651]], "performance": [[160.41666666666666, 707.562255859375, 457.2667015923394, 783.7622748480902]], "popular": [[472.9416741265191, 707.562255859375, 658.941650390625, 783.7622748480902]], "media": [[674.9916076660156, 707.562255859375, 825.6665547688801, 783.7622748480902]], "able": [[841.6414896647135, 707.562255859375, 944.7664048936632, 783.7622748480902]], "employee.": [[960.441419813368, 707.562255859375, 1186.4913940429688, 783.7622748480902]], "Where": [[1204.191419813368, 707.562255859375, 1380.1414489746094, 783.7622748480902]], "best": [[1395.816379123264, 707.562255859375, 1487.766350640191, 783.7622748480902]], "moment": [[160.41666666666666, 801.312255859375, 344.0166473388672, 877.5122748480902]], "view": [[360.4416317409939, 801.312255859375, 464.0916612413194, 877.5122748480902]], "feel.": [[481.26661512586804, 801.312255859375, 578.1666225857205, 877.5122748480902]], "Begin": [[595.8666059705946, 801.312255859375, 747.141604953342, 877.5122748480902]], "toward": [[764.6165635850695, 801.312255859375, 932.2413974338107, 877.5122748480902]], "future.": [[958.3413865831163, 801.312255859375, 1121.9163682725693, 877.5122748480902]], "Beat": [[160.41666666666666, 1179.9175686306423, 223.0417039659288, 1226.7925686306423]], "sound": [[231.2541961669922, 1179.9175686306423, 299.42923651801215, 1226.7925686306423]], "member": [[312.51672108968097, 1179.9175686306423, 405.5167304144965, 1226.7925686306423]], "opportunity": [[414.5917256673177, 1179.9175686306423, 553.0792236328125, 1226.7925686306423]], "station.": [[560.429212782118, 1179.9175686306423, 646.3791317409939, 1226.7925686306423]], "Pm": [[654.1791280110676, 1179.9175686306423, 696.8541463216145, 1226.7925686306423]], "degree": [[704.1666242811415, 1179.9175686306423, 782.8041076660156, 1226.7925686306423]], "likely": [[791.6541205512152, 1179.9175686306423, 857.2416517469618, 1226.7925686306423]], "sit": [[864.5916408962673, 1179.9175686306423, 891.8166266547308, 1226.7925686306423]], "significant": [[899.9916924370659, 1179.9175686306423, 1027.229224310981, 1226.7925686306423]], "foot": [[1035.404290093316, 1179.9175686306423, 1079.3167961968315, 1226.7925686306423]], "imagine.": [[1087.4918619791665, 1179.9175686306423, 1190.1295132107205, 1226.7925686306423]], "Trip": [[1197.929467095269, 1179.9175686306423, 1245.1045566134983, 1226.7925686306423]], "student": [[1254.1795518663193, 1179.9175686306423, 1339.717017279731, 1226.7925686306423]], "outside": [[1347.9295518663193, 1179.9175686306423, 1430.7296752929688, 1226.7925686306423]], "hospital": [[160.41666666666666, 1226.7925686306423, 256.6792170206706, 1273.6675686306423]], "green": [[264.5917044745551, 1226.7925686306423, 331.8292405870226, 1273.6675686306423]], "to": [[339.5917256673177, 1226.7925686306423, 360.9292348225911, 1273.6675686306423]], "present.": [[368.76674228244354, 1226.7925686306423, 460.94173855251734, 1273.6675686306423]], "Fact": [[468.7417348225911, 1226.7925686306423, 527.241685655382, 1273.6675686306423]], "natural": [[535.4166666666666, 1226.7925686306423, 629.6165890163845, 1273.6675686306423]], "sister": [[637.4915652804905, 1226.7925686306423, 699.2915683322483, 1273.6675686306423]], "serve": [[708.3290523952908, 1226.7925686306423, 768.2164510091145, 1273.6675686306423]], "red": [[777.0664638943142, 1226.7925686306423, 816.1039564344618, 1273.6675686306423]], "effort.": [[829.1539510091145, 1226.7925686306423, 902.6166280110676, 1273.6675686306423]], "Description": [[175.0, 1744.4007025824653, 323.5000398423937, 1782.5007120768228]], "Amount": [[742.8927951388889, 1744.4007025824653, 847.2178988986545, 1782.5007120768228]], "sea": [[175.0, 1812.6215616861978, 214.90003797743054, 1859.4965616861978]], "$": [[742.8927951388889, 1812.6215616861978, 759.2427571614583, 1859.4965616861978], [742.9000006781683, 1886.5798950195312, 759.2499627007378, 1933.4548950195312]], "6935.00": [[767.9052564832899, 1812.6215616861978, 894.7303771972656, 1859.4965616861978], [767.8749932183159, 1886.5798950195312, 894.737582736545, 1933.4548950195312]], "Total": [[175.0, 1892.3173692491318, 233.7625291612413, 1930.4173787434895]], "Current": [[241.67501661512586, 1892.3173692491318, 339.7375318739149, 1930.4173787434895]], "Charges": [[347.91251288519965, 1892.3173692491318, 452.76247660319007, 1930.4173787434895]], "computer": [[202.08333333333331, 1989.7048950195312, 311.77086300320093, 2036.5798950195312]], "=": [[320.8458582560221, 1989.7048950195312, 341.02085961235895, 2036.5798950195312]], "978-1-56699-759-1": [[349.98334248860675, 1989.7048950195312, 634.6084594726562, 2036.5798950195312]], "183.92.230.221": [[238.54166666666666, 258.3354949951172, 464.8165808783637, 305.2104949951172]], "x86_64": [[680.2083333333333, 258.3354949951172, 791.5458679199219, 305.2104949951172]], "8": [[1109.375, 258.3354949951172, 1127.749972873264, 305.2104949951172]], "GGAI393-FAKE": [[211.45833333333331, 454.1688283284505, 492.5583733452691, 501.0438283284505]], "Johnson": [[684.375, 454.1688283284505, 787.0124816894531, 501.0438283284505]], "Smith": [[250.0, 1082.0009019639756, 327.4749967787001, 1128.8759019639756]], "and": [[335.4249742296007, 1082.0009019639756, 380.6874593098958, 1128.8759019639756]], "Sons": [[393.7374538845486, 1082.0009019639756, 454.8624250623915, 1128.8759019639756]], "through": [[183.33333333333331, 183.3354949951172, 281.6583421495226, 230.2104949951172]], "already": [[566.6666666666666, 183.3354949951172, 663.4915669759114, 230.2104949951172]], "phone": [[950.0, 183.3354949951172, 1020.3124152289496, 230.2104949951172]], "amount": [[566.6666666666666, 379.1688283284505, 656.4041137695312, 426.0438283284505]], "time": [[183.33333333333331, 1007.0009019639757, 232.79584248860675, 1053.8759019639756]]}