{"Description": [[166.66666666666666, 166.67141384548611, 407.9567379421658, 212.24636501736111]], "Amount": [[762.9166497124565, 166.67141384548611, 927.8628879123263, 212.24636501736111]], "trial": [[166.66666666666666, 222.66101837158203, 241.53219858805338, 268.23596954345703]], "$": [[762.9123263888889, 222.66101837158203, 786.7526584201389, 268.23596954345703], [762.9542032877604, 278.6506228976779, 786.7945353190104, 324.2255740695529]], "4413.00": [[798.3498467339409, 222.66101837158203, 951.4151679144965, 268.23596954345703], [798.3917236328125, 278.6506228976779, 951.457044813368, 324.2255740695529]], "Total": [[166.66666666666666, 278.6506228976779, 271.24654981825086, 324.2255740695529]], "Current": [[283.40413835313586, 278.6506228976779, 444.225353664822, 324.2255740695529]], "Charges": [[456.3166300455729, 278.6506228976779, 628.563986884223, 324.2255740695529]], "Picture": [[160.41666666666666, 380.7278103298611, 457.94639587402344, 471.8777126736111]], "blue": [[483.36664835611975, 380.7278103298611, 664.3463558620876, 471.8777126736111]], "describe": [[689.5416259765625, 380.7278103298611, 1043.4712727864583, 471.8777126736111]], "enjoy.": [[1068.6666700575086, 380.7278103298611, 1331.1913384331597, 471.8777126736111]], "Nearly": [[160.41666666666666, 471.8736436631944, 434.23262702094183, 563.0235460069445]], "class": [[458.39165581597223, 471.8736436631944, 665.3363121880425, 563.0235460069445]], "audience": [[689.6166483561198, 471.8736436631944, 1068.4464348687065, 563.0235460069445]], "movement": [[160.41666666666666, 563.0194769965277, 607.0841895209418, 654.1693793402777]], "final": [[631.2666998969183, 563.0194769965277, 817.4014621310764, 654.1693793402777]], "moment.": [[841.7167663574219, 563.0194769965277, 1216.7415195041233, 654.1693793402777]], "(255,": [[228.125, 802.337646484375, 327.1913316514757, 847.91259765625]], "96,": [[340.6624688042535, 802.337646484375, 400.16632080078125, 847.91259765625]], "27)": [[413.637457953559, 802.337646484375, 476.5287611219618, 847.91259765625]], "general": [[183.33333333333331, 727.337646484375, 324.91135067409937, 772.91259765625]]}