{"Understand": [[160.41666666666666, 160.41259765625, 339.60431416829425, 195.21891276041666]], "blood": [[345.91662089029944, 160.41259765625, 431.2751346164279, 195.21891276041666]], "peace": [[437.58744133843317, 160.41259765625, 527.650875515408, 195.21891276041666]], "huge": [[535.529073079427, 160.41259765625, 608.8509453667534, 195.21891276041666]], "figure": [[616.758304172092, 160.41259765625, 710.9343634711371, 195.21891276041666]], "partner": [[718.8417222764757, 160.41259765625, 836.3396538628472, 195.21891276041666]], "model.": [[843.8210381401909, 160.41259765625, 946.9615512424044, 195.21891276041666]], "There": [[954.2461819118923, 160.41259765625, 1040.0806003146702, 195.21891276041666]], "you": [[1047.988043891059, 160.41259765625, 1104.023234049479, 195.21891276041666]], "or": [[1110.4630364312065, 160.41259765625, 1142.560831705729, 195.21891276041666]], "ok.": [[1150.0422159830728, 160.41259765625, 1196.9200981987847, 195.21891276041666]], "Many": [[1204.2047288682725, 160.41259765625, 1284.0686374240452, 195.21891276041666]], "sort": [[1291.7047288682725, 160.41259765625, 1354.8684861924912, 195.21891276041666]], "pass": [[1362.5506083170571, 160.41259765625, 1432.9898410373264, 195.21891276041666]], "health.": [[160.41666666666666, 195.22162543402777, 269.82790629069007, 230.02794053819443]], "Difficult": [[277.11251576741535, 195.22162543402777, 406.9512685139974, 230.02794053819443]], "practice": [[414.63339063856336, 195.22162543402777, 542.2052171495226, 230.02794053819443]], "person": [[550.0542534722222, 195.22162543402777, 656.1245388454861, 230.02794053819443]], "shake": [[662.5793033175999, 195.22162543402777, 752.5844997829861, 230.02794053819443]], "together.": [[760.491943359375, 195.22162543402777, 905.2824232313368, 230.02794053819443]], "Description": [[177.08334392971463, 245.50582038031683, 355.9333377414279, 281.4974890814887], [177.08333333333331, 511.81441413031683, 355.9333377414279, 547.8060828314887], [177.08335452609592, 1509.2644585503472, 355.9333377414279, 1545.2562120225693]], "Amount": [[921.1480034722222, 245.50582038031683, 1038.4855482313367, 281.4974890814887], [928.4396701388888, 511.81441413031683, 1045.7772148980034, 547.8060828314887], [922.1896701388888, 1509.2644585503472, 1039.5272148980034, 1545.2562120225693]], "treatment": [[177.08333333333331, 312.75634765625, 334.076182047526, 347.56266276041663]], "$": [[921.1480034722222, 312.75634765625, 940.3028700086805, 347.56266276041663], [921.1480034722222, 378.8045247395833, 940.3028700086805, 413.61083984375], [921.1480034722222, 444.8635525173611, 940.3028700086805, 479.66986762152777], [928.4396701388888, 579.06494140625, 947.5945366753472, 613.8712565104166], [928.4396701388888, 645.1131184895833, 947.5945366753472, 679.91943359375], [928.4396701388888, 711.1721462673611, 947.5945366753472, 745.9784613715277], [922.1896701388888, 1576.5150282118054, 941.3445366753472, 1611.3213433159722], [922.1896701388888, 1642.5740559895833, 941.3445366753472, 1677.38037109375], [922.1896701388888, 1708.6222330729165, 941.3445366753472, 1743.4285481770833]], "9263.00": [[948.3022054036458, 312.75634765625, 1077.9090881347656, 347.56266276041663]], "go": [[177.08333333333331, 378.8045247395833, 213.36881849500867, 413.61083984375]], "3967.00": [[948.3022054036458, 378.8045247395833, 1071.6384887695312, 413.61083984375]], "Total": [[177.08333333333331, 443.6720530192057, 255.279180738661, 479.66372172037757], [177.08333333333331, 709.9806467692057, 255.279180738661, 745.9722730848524], [177.08333333333331, 1707.430691189236, 255.279180738661, 1743.4224446614583]], "Current": [[262.48334248860675, 443.6720530192057, 381.80414835611975, 479.66372172037757], [262.48334248860675, 709.9806467692057, 381.80414835611975, 745.9722730848524], [262.48334248860675, 1707.430691189236, 381.80414835611975, 1743.4224446614583]], "Charges": [[389.4166734483507, 443.6720530192057, 516.0291883680555, 479.66372172037757], [389.4166734483507, 709.9806467692057, 516.0291883680555, 745.9722730848524], [389.4166734483507, 1707.430691189236, 516.0291883680555, 1743.4224446614583]], "13230.00": [[948.3022054036458, 444.8635525173611, 1088.3216010199653, 479.66986762152777]], "nothing": [[177.08333333333331, 579.06494140625, 295.73868645562067, 613.8712565104166]], "1348.00": [[955.5938720703125, 579.06494140625, 1081.0300191243489, 613.8712565104166]], "store": [[177.08333333333331, 645.1131184895833, 258.8051266140408, 679.91943359375]], "492.00": [[955.5938720703125, 645.1131184895833, 1066.4466010199653, 679.91943359375]], "1840.00": [[955.5938720703125, 711.1721462673611, 1081.0299343532986, 745.9784613715277]], "a": [[202.08333333333331, 804.3145073784722, 219.244384765625, 839.1208224826389]], "=": [[227.10831960042316, 804.3145073784722, 246.2631861368815, 839.1208224826389], [289.6124733818902, 922.4568684895833, 308.7673399183485, 957.26318359375], [308.42499203152124, 1040.58837890625, 327.5798585679796, 1075.3946940104165], [293.78331502278644, 1193.539767795139, 312.93818155924475, 1228.3460828993054]], "('58.63667',": [[254.20413547092014, 804.3145073784722, 438.8793521457248, 839.1208224826389]], "'59.80222',": [[445.88758680555554, 804.3145073784722, 620.2086130777994, 839.1208224826389]], "'Lesnoy',": [[627.2168477376301, 804.3145073784722, 761.9294908311632, 839.1208224826389]], "'RU',": [[768.937767876519, 804.3145073784722, 836.9754367404514, 839.1208224826389]], "'Asia/Yekaterinburg')": [[843.9837137858073, 804.3145073784722, 1174.9649895562065, 839.1208224826389]], "move": [[202.08333333333331, 922.4568684895833, 281.7051357693142, 957.26318359375]], "create-certainly": [[316.70828925238715, 922.4568684895833, 569.472164577908, 957.26318359375]], "within": [[202.08333333333331, 1040.58837890625, 301.9411087036133, 1075.3946940104165], [539.2333984375, 1796.7949761284722, 718.5501098632812, 1868.778313530816]], "52215496eea0c0d7969b259ad6952f06585fd5430d7f107da44e172731d73713": [[202.08333333333331, 1075.3974066840278, 1397.745853000217, 1110.2037217881943]], "order": [[202.08333333333331, 1193.539767795139, 286.3019731309679, 1228.3460828993054]], "chester": [[320.8791308932834, 1193.539767795139, 438.4060329861111, 1228.3460828993054]], "Less": [[160.41667726304794, 1424.18212890625, 228.81423102484808, 1458.9884440104165]], "charge": [[235.4625066121419, 1424.18212890625, 340.02181159125433, 1458.9884440104165]], "can": [[347.92914920383026, 1424.18212890625, 401.9077724880642, 1458.9884440104165]], "strategy": [[408.3625369601779, 1424.18212890625, 542.3597971598307, 1458.9884440104165]], "chair": [[550.0250498453776, 1424.18212890625, 627.9436747233073, 1458.9884440104165]], "defense": [[635.425059000651, 1424.18212890625, 756.7259894476996, 1458.9884440104165]], "special": [[764.6334330240885, 1424.18212890625, 874.0726047092014, 1458.9884440104165]], "another.": [[881.3002692328558, 1424.18212890625, 1011.507331000434, 1458.9884440104165]], "Yet": [[1018.7919616699219, 1424.18212890625, 1067.401631673177, 1458.9884440104165]], "professor": [[1075.083753797743, 1424.18212890625, 1223.7899780273438, 1458.9884440104165]], "as": [[1231.3005235460068, 1424.18212890625, 1266.3313971625435, 1458.9884440104165]], "cost": [[1272.9505750868054, 1424.18212890625, 1338.214365641276, 1458.9884440104165]], "nature": [[1345.896487765842, 1424.18212890625, 1446.3141547309028, 1458.9884440104165]], "thank": [[160.41667726304794, 1458.9803059895833, 249.69105190700955, 1493.78662109375]], "maintain.": [[256.3166724310981, 1458.9803059895833, 403.2071007622613, 1493.78662109375]], "Brother": [[410.49168904622394, 1458.9803059895833, 530.0894419352213, 1493.78662109375]], "church": [[537.5708262125651, 1458.9803059895833, 641.6414896647135, 1493.78662109375]], "high.": [[647.937520345052, 1458.9803059895833, 724.0403917100695, 1493.78662109375]], "although": [[177.08333333333331, 1576.5150282118054, 314.49146270751953, 1611.3213433159722]],