{"Common": [[158.33333333333331, 526.0260687934027, 289.31535085042316, 561.4732530381945]], "child": [[300.02498626708984, 526.0260687934027, 368.18885803222656, 561.4732530381945]], "truth": [[379.1833665635851, 526.0260687934027, 453.9028591579861, 561.4732530381945]], "this": [[464.64165581597223, 526.0260687934027, 519.416512383355, 561.4732530381945]], "successful": [[529.2166392008463, 526.0260687934027, 674.7703552246094, 561.4732530381945]], "mind": [[685.520765516493, 526.0260687934027, 759.9264356825087, 561.4732530381945]], "become.": [[770.9500630696614, 526.0260687934027, 894.0849304199219, 561.4732530381945]], "Be": [[904.3291727701823, 526.0260687934027, 942.5580342610676, 561.4732530381945]], "every": [[952.2791544596354, 526.0260687934027, 1032.0148044162327, 561.4732530381945]], "top": [[1041.9082641601562, 526.0260687934027, 1089.2471313476562, 561.4732530381945]], "treat.": [[1100.2415974934895, 526.0260687934027, 1181.7264133029514, 561.4732530381945]], "Life": [[1191.9706556532117, 526.0260687934027, 1244.7537740071614, 561.4732530381945]], "sit": [[1254.5040554470486, 526.0260687934027, 1288.8928731282551, 561.4732530381945]], "he": [[1300.324927435981, 526.0260687934027, 1336.4538404676648, 561.4732530381945]], "heart": [[1346.204121907552, 526.0260687934027, 1422.2429063585068, 561.4732530381945]], "coach": [[158.33333333333331, 559.2942979600695, 239.29453955756293, 594.7414822048611]], "itself.": [[250.03335740831162, 559.2942979600695, 331.4599778917101, 594.7414822048611]], "Enter": [[341.7041778564453, 559.2942979600695, 420.82621256510413, 594.7414822048611]], "lose": [[431.3332875569661, 559.2942979600695, 488.2579379611545, 594.7414822048611], [1052.2919548882378, 720.7743326822916, 1109.2167324490017, 756.2215169270833]], "north": [[498.00826178656683, 559.2942979600695, 576.8986172146267, 594.7414822048611]], "rest.": [[587.6082526312933, 559.2942979600695, 654.4806586371527, 594.7414822048611]], "Resource": [[158.33333333333331, 720.7743326822916, 290.3038448757595, 756.2215169270833]], "quality": [[300.0250074598524, 720.7743326822916, 398.54409959581164, 756.2215169270833]], "voice": [[408.37919447157117, 720.7743326822916, 481.9871690538194, 756.2215169270833]], "travel": [[491.73749287923175, 720.7743326822916, 574.7578938802083, 756.2215169270833]], "pretty.": [[585.5083465576172, 720.7743326822916, 681.5474192301432, 756.2215169270833]], "Evidence": [[691.7916615804036, 720.7743326822916, 821.6622246636284, 756.2215169270833]], "mouth": [[831.4125061035156, 720.7743326822916, 926.9571092393663, 756.2215169270833]], "activity": [[937.6959906684027, 720.7743326822916, 1042.4276563856336, 756.2215169270833]], "trouble": [[1118.967013888889, 720.7743326822916, 1223.841773139106, 756.2215169270833], [352.1166695488824, 1801.748318142361, 590.8786349826389, 1872.6426866319443]], "him.": [[1233.5628933376736, 720.7743326822916, 1300.4354688856336, 756.2215169270833]], "Real": [[1310.679711235894, 720.7743326822916, 1372.8458828396267, 756.2215169270833]], "especially": [[158.33333333333331, 754.0534125434027, 298.50241343180335, 789.5005967881945]], "audience": [[308.3375083075629, 754.0534125434027, 438.23716905381946, 789.5005967881945]], "late": [[447.9583316379123, 754.0534125434027, 502.841313680013, 789.5005967881945]], "see": [[512.5624762641058, 754.0534125434027, 561.2038082546658, 789.5005967881945]], "ahead.": [[570.9249708387587, 754.0534125434027, 669.0932379828558, 789.5005967881945]], "Accept": [[679.3374803331163, 754.0534125434027, 776.259528266059, 789.5005967881945]], "respond": [[787.6915825737847, 754.0534125434027, 903.8055419921875, 789.5005967881945]], "light": [[914.8000081380208, 754.0534125434027, 980.4556104871962, 789.5005967881945]], "eat": [[991.8876647949219, 754.0534125434027, 1036.7179870605469, 789.5005967881945]], "reflect.": [[1048.1500413682725, 754.0534125434027, 1150.459967719184, 789.5005967881945]], "what=": [[199.9999788072374, 858.1549750434027, 294.7146521674262, 893.6021592881945]], "West": [[304.18334537082245, 858.1549750434027, 376.10961066351996, 893.6021592881945]], "your=": [[199.9999788072374, 974.7565375434027, 288.4146372477213, 1010.2037217881945]], "23fe": [[297.9416529337565, 974.7565375434027, 363.26633029513886, 1010.2037217881945]], "respond=": [[199.9999788072374, 1091.3581000434028, 340.5646218193902, 1126.8052842881943]], "Maestro": [[350.03331502278644, 1091.3581000434028, 465.6188540988498, 1126.8052842881943]], "Nichole": [[475.07082621256507, 1091.3581000434028, 579.9163394504124, 1126.8052842881943]], "Santos": [[589.6666632758246, 1091.3581000434028, 690.291510687934, 1126.8052842881943]], "503895123712": [[700.1207987467448, 1091.3581000434028, 924.9882168240017, 1126.8052842881943]], "09/31": [[935.6415642632378, 1091.3581000434028, 1022.9589674207899, 1126.8052842881943]], "CVV:": [[1033.5831536187065, 1091.3581000434028, 1107.2611490885415, 1126.8052842881943]], "524": [[1116.9414944118923, 1091.3581000434028, 1173.021528455946, 1126.8052842881943]], "audience=": [[199.9999788072374, 1207.9705132378472, 353.0480066935221, 1243.417697482639]], "Scott-Crawford": [[362.5166998969184, 1207.9705132378472, 580.6847890218098, 1243.417697482639]], "offer=": [[199.9999788072374, 1324.5720757378472, 290.5146492852105, 1360.019259982639]], "2024-03-10": [[300.04164377848304, 1324.5720757378472, 474.88827175564234, 1360.019259982639]], "07:53:57.873382": [[485.5416191948785, 1324.5720757378472, 745.8173116048176, 1360.019259982639]], "federal=": [[199.9999788072374, 1441.1736382378472, 323.9105012681749, 1476.620822482639]], "MQRU169-FAKE": [[333.37919447157117, 1441.1736382378472, 566.4304097493489, 1476.620822482639]], "compare=": [[199.9999788072374, 1557.7860514322915, 348.90626271565753, 1593.2332356770833]], "8": [[358.37495591905383, 1557.7860514322915, 376.91743638780383, 1593.2332356770833], [898.9583333333333, 390.6094021267361, 917.5008138020833, 426.05658637152777]], "Matter": [[158.33333333333331, 1668.66455078125, 376.9707997639974, 1739.5589192708333]], "clear": [[397.96672397189667, 1668.66455078125, 560.3125678168402, 1739.5589192708333]], "catch.": [[581.3084920247395, 1668.66455078125, 777.2693210177952, 1739.5589192708333]], "Industry": [[797.9585435655382, 1668.66455078125, 1083.7848239474827, 1739.5589192708333]], "similar": [[1104.1502210828992, 1668.66455078125, 1333.171166314019, 1739.5589192708333]], "join": [[1354.1670905219185, 1668.66455078125, 1479.1405571831597, 1739.5589192708333], [1093.7084621853298, 1735.2010091145833, 1218.6236911349827, 1806.0953776041665]], "center.": [[158.33333333333331, 1735.2010091145833, 389.8191663953993, 1806.0953776041665]], "There": [[410.3917015923394, 1735.2010091145833, 599.1036732991536, 1806.0953776041665]], "choose": [[620.800060696072, 1735.2010091145833, 849.1204155815972, 1806.0953776041665]], "father": [[870.8168029785156, 1735.2010091145833, 1072.7125379774304, 1806.0953776041665]], "which.": [[1239.5418802897134, 1735.2010091145833, 1454.2277018229165, 1806.0953776041665]], "Chair": [[158.33333333333331, 1801.748318142361, 331.06244405110675, 1872.6426866319443]], "herself": [[612.5750223795573, 1801.748318142361, 843.4212578667534, 1872.6426866319443]], "leg": [[864.5751105414496, 1801.748318142361, 965.7962375217013, 1872.6426866319443]], "yourself": [[987.4835544162326, 1801.748318142361, 1255.896504720052, 1872.6426866319443]], "record.": [[158.33333333333331, 1868.2847764756943, 391.91915724012586, 1939.1791449652776]], "Doctor": [[412.491692437066, 1868.2847764756943, 629.0291256374783, 1939.1791449652776]], "return": [[650.0250498453776, 1868.2847764756943, 858.2401699490017, 1939.1791449652776]], "stuff": [[879.1583591037327, 1868.2847764756943, 1032.9461839463975, 1939.1791449652776]], "land": [[1054.1583591037327, 1868.2847764756943, 1196.9128078884548, 1939.1791449652776]], "turn": [[1218.716769748264, 1868.2847764756943, 1358.1569247775608, 1939.1791449652776]],