{"Up": [[162.5, 203.71025933159723, 270.394664340549, 289.79627821180554]], "physical": [[295.80834706624347, 203.71025933159723, 622.0522986518012, 289.79627821180554]], "century.": [[647.8499942355686, 203.71025933159723, 975.4775153266058, 289.79627821180554]], "Build": [[999.8917473687065, 203.71025933159723, 1203.6238776312935, 289.79627821180554]], "current": [[162.5, 289.79966905381946, 455.08181254069007, 375.88568793402777]], "early": [[479.1250864664713, 289.79966905381946, 681.4874013264973, 375.88568793402777]], "American": [[706.2168121337891, 289.79966905381946, 1083.7161593967014, 375.88568793402777]], "always": [[1108.2667880588108, 289.79966905381946, 1385.6686909993489, 375.88568793402777]], "lose": [[162.5, 375.87822808159723, 324.1461012098524, 461.96424696180554]], "treat": [[350.0666724310981, 375.87822808159723, 544.8276095920139, 461.96424696180554], [479.19578552246094, 634.1356065538195, 673.9567226833767, 720.2216254340277]], "physical.": [[568.8708411322699, 375.87822808159723, 921.5023464626736, 461.96424696180554]], "Where": [[945.9166632758246, 375.87822808159723, 1205.3837246365017, 461.96424696180554]], "according": [[162.5, 461.9676378038194, 551.5321943495009, 548.0536566840277]], "detail": [[577.0167456732855, 461.9676378038194, 803.3858405219183, 548.0536566840277]], "cause": [[829.1835361056858, 461.9676378038194, 1057.412889268663, 548.0536566840277]], "it": [[1083.2626342773438, 461.9676378038194, 1140.5360751681858, 548.0536566840277]], "true": [[1164.5792643229165, 461.9676378038194, 1328.279537624783, 548.0536566840277]], "character.": [[162.5, 548.0570475260416, 567.1941969129774, 634.14306640625]], "Result": [[591.6084713406033, 548.0570475260416, 844.6651882595486, 634.14306640625]], "soon": [[868.6375088161892, 548.0570475260416, 1056.6575792100693, 634.14306640625]], "group": [[1081.2082078721787, 548.0570475260416, 1314.0528361002603, 634.14306640625]], "several": [[162.5, 634.1356065538195, 453.3272213406033, 720.2216254340277]], "sign": [[697.9999542236328, 634.1356065538195, 865.1242574055989, 720.2216254340277]], "part.": [[889.6041022406683, 634.1356065538195, 1079.8148261176216, 720.2216254340277]], "Age": [[1104.2290581597222, 634.1356065538195, 1255.3917778862847, 720.2216254340277]], "left": [[1281.2415228949653, 634.1356065538195, 1415.5816819932725, 720.2216254340277]], "yes": [[162.5, 720.2250162760416, 298.306041293674, 806.31103515625]], "the": [[322.9374991522895, 720.2250162760416, 451.22108459472656, 806.31103515625]], "bed": [[477.0708296034071, 720.2250162760416, 624.4905259874132, 806.31103515625]], "response.": [[649.9750349256727, 720.2250162760416, 1038.0232916937935, 806.31103515625]], "approach": [[204.16666666666666, 895.4369439019097, 368.2808770073785, 938.4799533420138]], ":833835094.1035599": [[381.25004238552515, 895.4369439019097, 776.8802218967014, 938.4799533420138]], "social": [[204.16666666666666, 1021.8149820963541, 303.4542507595486, 1064.8579915364583]], ":2024-04-23": [[316.6145748562283, 1021.8149820963541, 549.6468861897786, 1064.8579915364583]], "09:23:58.246123": [[562.5476837158203, 1021.8149820963541, 883.1303066677517, 1064.8579915364583]], "response": [[204.16666666666666, 1148.1930202907986, 364.8769802517361, 1191.2360297309028]], ":Dr.": [[377.07087198893225, 1148.1930202907986, 444.2126803927951, 1191.2360297309028]], "success": [[204.16666666666666, 1274.571058485243, 341.3707097371419, 1317.6140679253472]], ":QTNQ": [[354.15628221299914, 1274.571058485243, 473.7269083658854, 1317.6140679253472]], "something": [[204.16666666666666, 1400.9490966796875, 392.93916490342883, 1443.9921061197915]], ":1777": [[406.2541961669922, 1400.9490966796875, 514.2303890652126, 1443.9921061197915]], "leader": [[204.16666666666666, 1527.3271348741318, 315.1185141669379, 1570.370144314236]], ":Stream": [[327.0625008477105, 1527.3271348741318, 474.1357167561849, 1570.370144314236]], "make": [[204.16666666666666, 1653.7051730685764, 302.36657460530597, 1696.7481825086804]], ":iPhone;": [[314.5958370632595, 1653.7051730685764, 466.14735921223956, 1696.7481825086804]], "CPU": [[479.2125278049045, 1653.7051730685764, 550.9997473822699, 1696.7481825086804]], "iPhone": [[562.5479804144965, 1653.7051730685764, 681.6082848442925, 1696.7481825086804]], "OS": [[693.8021341959635, 1653.7051730685764, 745.141855875651, 1696.7481825086804], [1041.8775770399304, 1653.7051730685764, 1093.217298719618, 1696.7481825086804]], "9_3_5": [[758.4375169542101, 1653.7051730685764, 872.6827833387587, 1696.7481825086804]], "like": [[885.5836656358507, 1653.7051730685764, 948.3669704861111, 1696.7481825086804]], "Mac": [[960.5608622233073, 1653.7051730685764, 1029.0919833713108, 1696.7481825086804]], "X": [[1106.4775254991318, 1653.7051730685764, 1130.740017361111, 1696.7481825086804]], "task": [[204.16666666666666, 1780.0832112630208, 279.31365966796875, 1823.126220703125]], ":US": [[291.6458553738064, 1780.0832112630208, 357.57730272081164, 1823.126220703125]], "author": [[204.16666666666666, 1906.4503987630208, 321.38722737630206, 1949.493408203125]], ":2024-04-11": [[333.33121405707465, 1906.4503987630208, 566.363525390625, 1949.493408203125]], "16:13:59.519605": [[579.2643229166666, 1906.4503987630208, 899.8470730251736, 1949.493408203125]], "i": [[338.54166666666663, 2083.870103624132, 348.260498046875, 2126.913113064236]], "price": [[184.375, 2013.0367702907986, 272.1269819471571, 2056.079779730903]]}