{"Land": [[160.41666666666666, 205.80512152777777, 340.29791090223523, 286.82725694444446]], "seven": [[362.3499976264106, 205.80512152777777, 580.7768503824869, 286.82725694444446]], "industry": [[603.9499918619791, 205.80512152777777, 916.2086486816406, 286.82725694444446]], "next": [[939.3500434027777, 205.80512152777777, 1105.2544487847222, 286.82725694444446], [160.41666666666666, 1251.4973958333333, 326.18776957194007, 1332.51953125]], "gun": [[1128.9500766330295, 205.80512152777777, 1270.310295952691, 286.82725694444446]], "pretty.": [[160.41666666666666, 297.25477430555554, 413.70519002278644, 378.27690972222223]], "Writer": [[437.41667005750867, 297.25477430555554, 676.9547356499565, 378.27690972222223]], "or": [[699.9500698513455, 297.25477430555554, 778.8881089952257, 378.27690972222223]], "environment.": [[802.0167880588108, 297.25477430555554, 1305.4389953613281, 378.27690972222223]], "None": [[160.41666666666666, 388.7044270833333, 354.6875, 469.7265625]], "article": [[377.0167032877604, 388.7044270833333, 615.0208367241753, 469.7265625]], "official": [[637.4166700575087, 388.7044270833333, 893.6698913574219, 469.7265625]], "gas": [[916.7501661512587, 388.7044270833333, 1045.9009806315105, 469.7265625]], "religious.": [[1068.6835394965278, 388.7044270833333, 1417.9055955674912, 469.7265625]], "Explain": [[160.41666666666666, 480.14322916666663, 432.77681138780383, 561.1653645833333]], "foot": [[456.14997016059027, 480.14322916666663, 607.3877970377604, 561.1653645833333]], "democratic": [[631.2166849772135, 480.14322916666663, 1047.5087483723958, 561.1653645833333], [160.41666666666666, 1434.396701388889, 576.6419304741753, 1515.4188368055554]], "along": [[1070.8168029785156, 480.14322916666663, 1277.964867485894, 561.1653645833333]], "step": [[1299.9503241644966, 480.14322916666663, 1461.2982855902778, 561.1653645833333]], "poor.": [[160.41666666666666, 571.5928819444445, 355.3718778822157, 652.6150173611111]], "Theory": [[379.08333672417535, 571.5928819444445, 639.2752329508463, 652.6150173611111]], "by": [[662.4166700575087, 571.5928819444445, 751.808590359158, 652.6150173611111]], "manager": [[774.9499850802952, 571.5928819444445, 1104.0215386284722, 652.6150173611111]], "make.": [[1127.016872829861, 571.5928819444445, 1353.3055623372395, 652.6150173611111]], "Agree": [[160.41666666666666, 663.0425347222222, 379.6208275689019, 744.0646701388889]], "since": [[401.8833584255642, 663.0425347222222, 596.2874942355686, 744.0646701388889]], "per.": [[618.5500250922308, 663.0425347222222, 765.6385633680555, 744.0646701388889]], "Sales": [[160.41666666666666, 830.0401475694445, 250.71652730305988, 870.5512152777777]], "Rep": [[262.54999372694226, 830.0401475694445, 324.9848895602756, 870.5512152777777]], "=Jeffrey": [[337.54999372694226, 830.0401475694445, 480.24330139160156, 870.5512152777777]], "Ray": [[491.78339640299475, 830.0401475694445, 553.209982977973, 870.5512152777777]], "Claim": [[160.41666666666666, 909.0983072916666, 253.23852962917752, 949.609375]], "Number": [[266.6833241780599, 909.0983072916666, 401.7419179280599, 949.609375]], "=42": [[414.64996337890625, 909.0983072916666, 483.7413363986545, 949.609375]], "aY": [[495.9165785047743, 909.0983072916666, 537.2577243381077, 949.609375]], "License": [[160.41666666666666, 988.1564670138888, 282.37342834472656, 1028.6675347222222]], "Plate": [[295.8833270602756, 988.1564670138888, 378.2401190863715, 1028.6675347222222]], "=LYY": [[391.71672397189667, 988.1564670138888, 474.72453647189667, 1028.6675347222222]], "717": [[487.55005730523004, 988.1564670138888, 550.4414876302083, 1028.6675347222222]], "Access": [[826.7686631944445, 830.0401475694445, 937.9018995496962, 870.5512152777777]], "Code": [[949.7353447808159, 830.0401475694445, 1034.0922037760417, 870.5512152777777]], "=01": [[1047.6687961154514, 830.0401475694445, 1116.76025390625, 870.5512152777777]], "mQ": [[1128.9354960123696, 830.0401475694445, 1188.5058085123696, 870.5512152777777]], "Tax": [[826.7686631944445, 909.0983072916666, 883.9952256944445, 949.609375]], "Amount": [[895.5353630913628, 909.0983072916666, 1027.4701436360676, 949.609375]], "=$688.21": [[1039.3353780110676, 909.0983072916666, 1204.3267991807725, 949.609375]], "Shipping": [[826.7686631944445, 988.1564670138888, 970.4370286729601, 1028.6675347222222]], "Address": [[983.0355326334635, 988.1564670138888, 1117.1021355523003, 1028.6675347222222]], "=86669": [[1128.9022657606336, 988.1564670138888, 1260.5270385742188, 1028.6675347222222]], "Moss": [[1272.7022806803384, 988.1564670138888, 1354.6688503689236, 1028.6675347222222]], "Points": [[1366.4689805772568, 988.1564670138888, 1465.0687323676216, 1028.6675347222222]], "Apt.": [[826.7686631944445, 1033.8812934027778, 895.1610141330294, 1074.392361111111]], "227": [[908.0353630913628, 1033.8812934027778, 970.9267510308159, 1074.392361111111]], "Lindamouth,": [[983.1019931369357, 1033.8812934027778, 1193.1610107421875, 1074.392361111111]], "TX": [[1206.0687594943577, 1033.8812934027778, 1249.7373792860242, 1074.392361111111]], "55548": [[1262.335459391276, 1033.8812934027778, 1366.8935139973958, 1074.392361111111]], "Attack": [[160.41666666666666, 1160.0477430555554, 403.07651095920136, 1241.0698784722222]], "mind": [[424.8832702636719, 1160.0477430555554, 613.297865125868, 1241.0698784722222]], "film.": [[635.2833218044705, 1160.0477430555554, 805.3719414605034, 1241.0698784722222]], "Return": [[829.0167914496527, 1160.0477430555554, 1084.977043999566, 1241.0698784722222]], "mention": [[1108.1503126356336, 1160.0477430555554, 1418.3106316460503, 1241.0698784722222]], "goal": [[349.8833338419596, 1251.4973958333333, 508.2697974310981, 1332.51953125]], "instead.": [[531.2833574083116, 1251.4973958333333, 830.3719414605034, 1332.51953125]], "Figure": [[854.0834214952257, 1251.4973958333333, 1092.1543545193142, 1332.51953125]], "begin": [[1114.4169277615017, 1251.4973958333333, 1320.2438354492188, 1332.51953125]], "house": [[160.41666666666666, 1342.947048611111, 385.8874850802951, 1423.9691840277778]], "key.": [[408.14997355143225, 1342.947048611111, 563.6385599772135, 1423.9691840277778]], "Ok": [[587.3500400119358, 1342.947048611111, 688.409932454427, 1423.9691840277778]], "civil": [[710.2834065755208, 1342.947048611111, 862.2032165527344, 1423.9691840277778]], "argue": [[885.2834913465712, 1342.947048611111, 1100.4877726236978, 1423.9691840277778]], "public": [[1122.7503458658853, 1342.947048611111, 1347.5090874565972, 1423.9691840277778]], "analysis": [[599.8833550347222, 1434.396701388889, 904.1674296061198, 1515.4188368055554]], "probably.": [[926.9499884711371, 1434.396701388889, 1278.2385932074653, 1515.4188368055554]], "Capital": [[160.41666666666666, 1525.8355034722222, 418.6698065863715, 1606.857638888889]], "cause": [[441.75003899468317, 1525.8355034722222, 656.7541334364149, 1606.857638888889]], "author": [[679.0833367241753, 1525.8355034722222, 928.9549085828993, 1606.857638888889]], "serve": [[952.0169576009114, 1525.8355034722222, 1156.8211025661892, 1606.857638888889]], "school": [[1179.0836758083767, 1525.8355034722222, 1420.603519015842, 1606.857638888889]], "because": [[160.41666666666666, 1617.28515625, 464.95412190755206, 1698.3072916666665]], "add.": [[487.2833251953125, 1617.28515625, 646.9051784939236, 1698.3072916666665]], "she": [[202.08333333333331, 2010.7259114583333, 259.4401041666667, 2051.2369791666665]], "Bislama": [[272.9500028822157, 2010.7259114583333, 403.4028795030382, 2051.2369791666665]]}