{"Record": [[160.41666666666666, 184.54386393229166, 259.78887346055774, 219.99104817708331]], "attorney": [[270.8416620890299, 184.54386393229166, 394.38578287760413, 219.99104817708331]], "human": [[404.25003899468317, 184.54386393229166, 506.06536865234375, 219.99104817708331]], "say": [[516.7750040690104, 184.54386393229166, 565.3024037679036, 219.99104817708331]], "early": [[575.1666598849827, 184.54386393229166, 646.5899149576823, 219.99104817708331], [1437.7999199761284, 1964.947509765625, 1509.2522515190972, 2000.3946940104165]], "answer.": [[656.4250098334418, 158.3338525560167, 766.0040961371527, 231.25052981906467]], "Hold": [[771.0499233669705, 184.54386393229166, 837.1138678656683, 219.99104817708331]], "establish": [[848.1083340115017, 184.54386393229166, 976.9903394911024, 219.99104817708331]], "foot": [[987.7000596788195, 184.54386393229166, 1042.9722256130642, 219.99104817708331]], "rate": [[1054.4042799207898, 184.54386393229166, 1113.4579976399739, 219.99104817708331]], "strong": [[1123.208279079861, 184.54386393229166, 1216.3680182562935, 219.99104817708331]], "drive": [[1227.391645643446, 184.54386393229166, 1300.9997049967446, 219.99104817708331]], "partner": [[1310.7499864366318, 184.54386393229166, 1419.0386454264321, 219.99104817708331]], "discussion.": [[1429.5455932617188, 158.3338525560167, 1584.9745008680554, 231.25052981906467]], "Choose": [[1589.9327596028645, 184.54386393229166, 1694.83642578125, 219.99104817708331]], "scientist": [[1704.5574612087673, 184.54386393229166, 1824.375237358941, 219.99104817708331]], "group": [[1835.8072916666665, 184.54386393229166, 1920.6544664171006, 219.99104817708331]], "four": [[1931.6489325629339, 184.54386393229166, 1989.9749755859375, 219.99104817708331]], "owner.": [[2000.4528469509548, 158.3338525560167, 2095.448472764757, 231.25052981906467]], "Draw": [[2100.4650539822046, 184.54386393229166, 2176.454671223958, 219.99104817708331]], "to": [[2185.9232584635415, 184.54386393229166, 2216.108873155382, 219.99104817708331]], "home": [[160.41666666666666, 257.4605305989583, 242.3955069647895, 292.90771484375]], "water.": [[252.11666954888236, 231.25050862630206, 340.87083604600696, 304.1671964857313]], "Description": [[166.66667726304794, 596.5772840711805, 354.13263108995227, 632.0244683159722], [166.66666666666666, 961.8984646267361, 354.13258870442706, 997.3456488715277]], "Amount": [[954.4379340277777, 596.5772840711805, 1084.3629625108506, 632.0244683159722], [946.1046006944445, 961.8984646267361, 1076.0296291775173, 997.3456488715277]], "he": [[166.66666666666666, 687.3867458767361, 202.79551612006293, 722.8339301215277]], "$": [[954.4379340277777, 691.1302354600695, 972.9804144965277, 726.5774197048611], [954.4379340277777, 781.939697265625, 972.9804144965277, 817.3868815104166], [954.4379340277777, 872.7491590711805, 972.9804144965277, 908.1963433159722], [946.1046006944445, 1056.4405653211804, 964.6470811631945, 1091.8877495659722], [946.1046006944445, 1147.250027126736, 964.6470811631945, 1182.6972113715278], [946.1046006944445, 1238.0594889322915, 964.6470811631945, 1273.5066731770833], [946.1046006944445, 1328.8689507378472, 964.6470811631945, 1364.316134982639], [946.1046006944445, 1419.6784125434028, 964.6470811631945, 1455.1255967881943], [946.1046006944445, 1510.4878743489583, 964.6470811631945, 1545.93505859375]], "3267.00": [[977.3629082573784, 664.9202134874132, 1085.1918538411458, 737.8368801540798]], "item": [[166.66666666666666, 778.1962076822916, 232.54415724012586, 813.6433919270833]], "1119.00": [[977.3629082573784, 755.7296752929688, 1085.1918538411458, 828.6463419596354]], "Total": [[166.66666666666666, 869.0056694878472, 249.5815912882487, 904.4528537326388], [166.66666666666666, 1506.7552354600693, 249.5815912882487, 1542.202419704861]], "Current": [[260.4667027791341, 869.0056694878472, 384.09156799316406, 904.4528537326388], [260.4667027791341, 1506.7552354600693, 384.09156799316406, 1542.202419704861]], "Charges": [[393.78755357530383, 869.0056694878472, 525.6868998209635, 904.4528537326388], [393.78755357530383, 1506.7552354600693, 525.6868998209635, 1542.202419704861]], "4386.00": [[977.3629082573784, 846.5391370985243, 1085.1918538411458, 919.4558037651909]], "or": [[166.66666666666666, 1052.7079264322917, 195.76793246799045, 1088.1551106770833]], "5091.00": [[969.029574924045, 1030.2305433485242, 1076.8585205078125, 1103.147210015191]], "take": [[166.66666666666666, 1143.5173882378472, 229.89135318332248, 1178.964572482639]], "935.00": [[969.029574924045, 1121.0400051540798, 1060.1752387152778, 1193.9566718207466]], "if": [[166.66666666666666, 1234.3268500434028, 185.23307376437717, 1269.7740342881943]], "4915.00": [[969.029574924045, 1211.8494669596353, 1076.8585205078125, 1284.766133626302]], "purpose": [[166.66666666666666, 1325.1363118489583, 284.05382368299695, 1360.58349609375]], "9521.00": [[969.029574924045, 1302.658928765191, 1076.8585205078125, 1375.5755954318577]], "music": [[166.66666666666666, 1415.945773654514, 252.70822313096787, 1451.3929578993054]], "3445.00": [[969.029574924045, 1393.4683905707466, 1076.8585205078125, 1466.385057237413]], "23907.00": [[969.029574924045, 1484.277852376302, 1093.5126410590278, 1557.1945190429688]], "Exist": [[160.41666666666666, 1593.3980305989583, 230.21377987331815, 1628.84521484375]], "during": [[241.67503780788846, 1593.3980305989583, 336.93474663628473, 1628.84521484375]], "imagine.": [[347.9292339748806, 1567.188008626302, 472.12096320258246, 1640.1046752929688]], "State": [[477.1084679497613, 1593.3980305989583, 557.0164150661892, 1628.84521484375]], "debate": [[566.7375776502821, 1593.3980305989583, 667.4705929226345, 1628.84521484375]], "impact": [[677.1917555067274, 1593.3980305989583, 776.184590657552, 1628.84521484375]], "condition.": [[787.6166449652777, 1567.188008626302, 928.4628126356337, 1640.1046752929688]], "Life": [[933.4503173828125, 1593.3980305989583, 986.2625969780815, 1628.84521484375]], "well": [[995.9837171766493, 1593.3980305989583, 1051.8791198730469, 1628.84521484375], [1079.1666666666665, 2129.5308430989585, 1135.0620693630642, 2164.97802734375]], "man": [[1062.629614935981, 1593.3980305989583, 1126.9365946451821, 1628.84521484375]], "Mrs": [[1137.6754760742188, 1593.3980305989583, 1190.3211805555554, 1628.84521484375]], "image": [[1200.2087910970051, 1593.3980305989583, 1290.5001322428384, 1628.84521484375]], "majority": [[1300.2212524414062, 1593.3980305989583, 1421.6653611924912, 1628.84521484375]], "like": [[1431.5004136827256, 1593.3980305989583, 1482.2124905056423, 1628.84521484375]], "outside.": [[1491.9335259331597, 1567.188008626302, 1605.7125515407986, 1640.1046752929688]], "Positive": [[1610.6708102756077, 1593.3980305989583, 1721.7870076497395, 1628.84521484375]], "why": [[1731.5080430772568, 1593.3980305989583, 1790.4478285047742, 1628.84521484375]], "option": [[1800.2827962239583, 1593.3980305989583, 1891.6273328993054, 1628.84521484375]], "tend.": [[1902.365960015191, 1567.188008626302, 1976.565890842014, 1640.1046752929688]], "Face": [[1981.5533108181423, 1593.3980305989583, 2046.8487209743923, 1628.84521484375]], "surface": [[2056.598917643229, 1593.3980305989583, 2161.5025838216143, 1628.84521484375]], "process.": [[2171.223619249132, 1567.188008626302, 2287.1027628580728, 1640.1046752929688]], "Have": [[160.41666666666666, 1666.314697265625, 234.05386606852213, 1701.7618815104165]], "ten": [[243.7750498453776, 1666.314697265625, 291.3987689548068, 1701.7618815104165]], "whom": [[302.13758680555554, 1666.314697265625, 388.84010314941406, 1701.7618815104165]], "talk": [[400.0793033175998, 1666.314697265625, 454.8191494411892, 1701.7618815104165]], "century": [[464.6834055582682, 1666.314697265625, 575.6565941704644, 1701.7618815104165]], "president": [[585.550053914388, 1666.314697265625, 722.0513237847222, 1701.7618815104165]], "act.": [[733.4833780924479, 1640.1046752929688, 784.7874959309895, 1713.0213419596353]],