{"Description": [[177.08333333333331, 181.00477854410806, 343.8833236694336, 221.13810645209418], [177.08333333333331, 846.9661288791233, 343.8833236694336, 887.0994567871094], [177.08333333333331, 1400.8398267957898, 343.8833236694336, 1440.9732394748264], [177.08333333333331, 1769.6658664279514, 343.8833236694336, 1809.7991943359375]], "Amount": [[761.4366319444445, 181.00477854410806, 874.5367262098524, 221.13810645209418], [742.6866319444445, 846.9661288791233, 855.7867262098524, 887.0994567871094], [743.7282986111111, 1400.8398267957898, 856.828392876519, 1440.9732394748264], [739.5616319444445, 1769.6658664279514, 852.6617262098524, 1809.7991943359375]], "positive": [[177.08333333333331, 252.51846313476562, 288.3488761054145, 294.6179072062174]], "$": [[761.4366319444445, 252.51846313476562, 780.7367960611979, 294.6179072062174], [761.0499911838108, 325.8691575792101, 780.3501553005642, 367.9685804578993], [742.6866319444445, 918.4798346625433, 761.9867960611979, 960.5792575412326], [742.6866319444445, 991.8305291069878, 761.9867960611979, 1033.929951985677], [742.6866319444445, 1065.1812235514324, 761.9867960611979, 1107.2806464301216], [742.2832912868923, 1138.5319179958767, 761.5834554036458, 1180.631340874566], [743.7282986111111, 1472.3534478081597, 763.0284627278645, 1514.4529554578992], [743.7282986111111, 1545.704142252604, 763.0284627278645, 1587.8036499023438], [743.7282986111111, 1619.0548366970486, 763.0284627278645, 1661.154344346788], [743.3500501844618, 1692.3946804470486, 762.6502143012152, 1734.494188096788], [739.5616319444445, 1841.1794026692708, 758.8617960611979, 1883.2789103190103], [739.5616319444445, 1914.530097113715, 758.8617960611979, 1956.6296047634548], [739.5616319444445, 1987.8807915581597, 758.8617960611979, 2029.9802992078992], [739.5616319444445, 2061.231486002604, 758.8617960611979, 2103.3309936523438]], "172.00": [[792.669932047526, 252.51846313476562, 890.8053927951388, 294.6179072062174], [792.2832912868923, 325.8691575792101, 890.4187520345051, 367.9685804578993]], "Total": [[177.08333333333331, 327.70616743299695, 245.35001118977863, 367.83951653374567], [177.08333333333331, 1140.368906656901, 245.35001118977863, 1180.5022345648872], [177.08333333333331, 1694.2318386501736, 245.35001118977863, 1734.3651665581597]], "Current": [[258.250003390842, 327.70616743299695, 373.3499738905165, 367.83951653374567], [258.250003390842, 1140.368906656901, 373.3499738905165, 1180.5022345648872], [258.250003390842, 1694.2318386501736, 373.3499738905165, 1734.3651665581597]], "Charges": [[385.18329196506073, 327.70616743299695, 503.5499996609158, 367.83951653374567], [385.18329196506073, 1140.368906656901, 503.5499996609158, 1180.5022345648872], [385.18329196506073, 1694.2318386501736, 503.5499996609158, 1734.3651665581597]], "Officer": [[160.41666666666666, 417.9698520236545, 266.66897667778863, 460.06927490234375]], "pressure": [[279.1833241780599, 417.9698520236545, 407.14886983235675, 460.06927490234375]], "own": [[418.78331502278644, 417.9698520236545, 477.4332258436415, 460.06927490234375]], "artist": [[489.5500183105469, 417.9698520236545, 573.5652499728733, 460.06927490234375]], "window": [[585.3832668728298, 417.9698520236545, 696.8646579318577, 460.06927490234375]], "walk.": [[710.3165944417317, 417.9698520236545, 790.9842597113715, 460.06927490234375]], "No": [[801.9833034939236, 417.9698520236545, 839.0597025553385, 460.06927490234375]], "his": [[851.9499884711371, 417.9698520236545, 893.4146457248263, 460.06927490234375]], "unit": [[906.1167399088541, 417.9698520236545, 963.0321078830294, 460.06927490234375]], "education": [[976.9168429904513, 417.9698520236545, 1121.0335625542534, 460.06927490234375]], "quality.": [[1133.1503126356336, 417.9698520236545, 1238.8180202907986, 460.06927490234375]], "Chance": [[1249.8170640733506, 417.9698520236545, 1356.9494459364148, 460.06927490234375]], "know": [[1368.550533718533, 417.9698520236545, 1442.532009548611, 460.06927490234375]], "yeah": [[160.41666666666666, 460.07054646809894, 230.63820732964408, 502.16996934678815], [1179.1503058539497, 460.07054646809894, 1249.371846516927, 502.16996934678815]], "political.": [[243.7499788072374, 460.07054646809894, 364.0508863661024, 502.16996934678815]], "Soldier": [[377.1166059705946, 460.07054646809894, 481.30221896701386, 502.16996934678815]], "street": [[493.81658766004773, 460.07054646809894, 586.131837632921, 502.16996934678815]], "defense": [[597.9498545328776, 460.07054646809894, 711.3154093424479, 502.16996934678815]], "east": [[722.9164971245659, 460.07054646809894, 788.1985134548611, 502.16996934678815]], "have": [[799.9833001030815, 460.07054646809894, 869.6155971950955, 502.16996934678815]], "practice.": [[881.25, 460.07054646809894, 1007.7510409884982, 502.16996934678815]], "Candidate": [[1018.7500847710503, 460.07054646809894, 1167.5492180718315, 502.16996934678815]], "remain": [[1262.5170389811196, 460.07054646809894, 1362.8670586480034, 502.16996934678815]], "particularly": [[160.41666666666666, 502.1712409125434, 334.5803578694661, 544.2706637912327]], "house.": [[345.883305867513, 502.1712409125434, 441.11751980251734, 544.2706637912327]], "environmental": [[202.08333333333331, 619.2610846625433, 405.80173068576386, 661.3605075412327]], ";": [[418.71664259168836, 619.2610846625433, 430.79766167534723, 661.3605075412327], [256.21666378445093, 744.6951124403212, 268.2977040608724, 786.7945353190104]], "Rebecca": [[441.58329433865015, 619.2610846625433, 565.713628133138, 661.3605075412327]], "Pass": [[577.0165761311848, 619.2610846625433, 641.3812001546223, 661.3605075412327]], "we": [[202.08333333333331, 744.6951124403212, 244.6155548095703, 786.7945353190104]], "8.732432": [[279.11667293972437, 744.6951124403212, 416.81874593098956, 786.7945353190104]], "often": [[177.08333333333331, 918.4798346625433, 256.5665986802843, 960.5792575412326]], "2775.00": [[773.919932047526, 918.4798346625433, 897.0553927951388, 960.5792575412326]], "nature": [[177.08333333333331, 991.8305291069878, 275.8488549126519, 1033.929951985677]], "3136.00": [[773.919932047526, 991.8305291069878, 890.7886928982205, 1033.929951985677]], "exactly": [[177.08333333333331, 1065.1812235514324, 282.4470520019531, 1107.2806464301216]], "6841.00": [[773.919932047526, 1065.1812235514324, 890.78860812717, 1107.2806464301216]], "12752.00": [[773.5499911838108, 1138.5319179958767, 909.1521369086371, 1180.631340874566]], "Daughter": [[160.41666666666666, 1298.13478257921, 299.9689526028103, 1340.2342054578992]], "left": [[312.4833001030816, 1298.13478257921, 365.2319166395399, 1340.2342054578992]], "public": [[377.0499335394965, 1298.13478257921, 460.1438734266493, 1340.2342054578992]], "page": [[472.88326687282984, 1298.13478257921, 544.5821974012587, 1340.2342054578992]], "lead": [[558.2833184136284, 1298.13478257921, 619.1770341661241, 1340.2342054578992]], "different.": [[631.2166425916884, 1298.13478257921, 766.0510592990452, 1340.2342054578992]], "Else": [[777.0501030815972, 1298.13478257921, 838.3490668402777, 1340.2342054578992]], "example": [[849.9834696451823, 1298.13478257921, 967.5157335069445, 1340.2342054578992]], "appear": [[979.1501363118489, 1298.13478257921, 1083.3024766710068, 1340.2342054578992]], "under.": [[1095.816887749566, 1298.13478257921, 1191.0512288411458, 1340.2342054578992]], "West": [[1197.8836059570312, 1298.13478257921, 1277.7322557237412, 1340.2342054578992]], "however": [[1289.5170423719617, 1298.13478257921, 1414.5027160644531, 1340.2342054578992]], "choose": [[160.41666666666666, 1340.2354770236545, 261.28220028347437, 1382.3348999023438]], "event": [[272.91666666666663, 1340.2354770236545, 352.73195902506507, 1382.3348999023438]], "agreement": [[364.5167032877604, 1340.2354770236545, 525.5986531575521, 1382.3348999023438]], "upon": [[537.4166700575087, 1340.2354770236545, 608.5665384928385, 1382.3348999023438]], "once.": [[620.7166459825304, 1340.2354770236545, 697.1842024061415, 1382.3348999023438]],